physical_bank_16k,initial_low_bank,cpu_pc,prg_offset,opcode,bytes,mnemonic,mode,base_cycles,origin
15,0,CFF0,03CFF0,48,48,PHA,IMP,3,NMI
15,0,CFF1,03CFF1,08,08,PHP,IMP,3,NMI
15,0,CFF2,03CFF2,8A,8A,TXA,IMP,2,NMI
15,0,CFF3,03CFF3,48,48,PHA,IMP,3,NMI
15,0,CFF4,03CFF4,98,98,TYA,IMP,2,NMI
15,0,CFF5,03CFF5,48,48,PHA,IMP,3,NMI
15,0,CFF6,03CFF6,A5,A5 1D,LDA,ZP,3,NMI
15,0,CFF8,03CFF8,F0,F0 03,BEQ,REL,2,NMI
15,0,CFFA,03CFFA,4C,4C 8D D0,JMP,ABS,3,NMI
15,0,CFFD,03CFFD,A5,A5 F7,LDA,ZP,3,NMI
15,0,CFFF,03CFFF,29,29 7C,AND,IMM,2,NMI
15,0,D001,03D001,85,85 F7,STA,ZP,3,NMI
15,0,D003,03D003,8D,8D 00 20,STA,ABS,4,NMI
15,0,D006,03D006,A5,A5 F8,LDA,ZP,3,NMI
15,0,D008,03D008,29,29 E7,AND,IMM,2,NMI
15,0,D00A,03D00A,85,85 F8,STA,ZP,3,NMI
15,0,D00C,03D00C,8D,8D 01 20,STA,ABS,4,NMI
15,0,D00F,03D00F,AD,AD 02 20,LDA,ABS,4,NMI
15,0,D012,03D012,A9,A9 00,LDA,IMM,2,NMI
15,0,D014,03D014,8D,8D 03 20,STA,ABS,4,NMI
15,0,D017,03D017,A9,A9 02,LDA,IMM,2,NMI
15,0,D019,03D019,8D,8D 14 40,STA,ABS,4,NMI
15,0,D01C,03D01C,A5,A5 1B,LDA,ZP,3,NMI
15,0,D01E,03D01E,F0,F0 03,BEQ,REL,2,NMI
15,0,D020,03D020,20,20 1B D1,JSR,ABS,6,NMI
15,0,D023,03D023,20,20 F5 D0,JSR,ABS,6,NMI
15,0,D026,03D026,A5,A5 47,LDA,ZP,3,NMI
15,0,D028,03D028,F0,F0 03,BEQ,REL,2,NMI
15,0,D02A,03D02A,20,20 DF D1,JSR,ABS,6,NMI
15,0,D02D,03D02D,A5,A5 51,LDA,ZP,3,NMI
15,0,D02F,03D02F,F0,F0 03,BEQ,REL,2,NMI
15,0,D031,03D031,20,20 F9 D1,JSR,ABS,6,NMI
15,0,D034,03D034,AD,AD 02 20,LDA,ABS,4,NMI
15,0,D037,03D037,A9,A9 00,LDA,IMM,2,NMI
15,0,D039,03D039,85,85 01,STA,ZP,3,NMI
15,0,D03B,03D03B,A5,A5 1F,LDA,ZP,3,NMI
15,0,D03D,03D03D,85,85 00,STA,ZP,3,NMI
15,0,D03F,03D03F,A5,A5 B8,LDA,ZP,3,NMI
15,0,D041,03D041,F0,F0 0F,BEQ,REL,2,NMI
15,0,D043,03D043,38,38,SEC,IMP,2,NMI
15,0,D044,03D044,A5,A5 00,LDA,ZP,3,NMI
15,0,D046,03D046,E5,E5 B8,SBC,ZP,3,NMI
15,0,D048,03D048,85,85 00,STA,ZP,3,NMI
15,0,D04A,03D04A,A9,A9 00,LDA,IMM,2,NMI
15,0,D04C,03D04C,E5,E5 B9,SBC,ZP,3,NMI
15,0,D04E,03D04E,29,29 01,AND,IMM,2,NMI
15,0,D050,03D050,85,85 01,STA,ZP,3,NMI
15,0,D052,03D052,A5,A5 00,LDA,ZP,3,NMI
15,0,D054,03D054,8D,8D 05 20,STA,ABS,4,NMI
15,0,D057,03D057,A5,A5 22,LDA,ZP,3,NMI
15,0,D059,03D059,85,85 00,STA,ZP,3,NMI
15,0,D05B,03D05B,A5,A5 B6,LDA,ZP,3,NMI
15,0,D05D,03D05D,F0,F0 07,BEQ,REL,2,NMI
15,0,D05F,03D05F,38,38,SEC,IMP,2,NMI
15,0,D060,03D060,A5,A5 00,LDA,ZP,3,NMI
15,0,D062,03D062,E5,E5 B6,SBC,ZP,3,NMI
15,0,D064,03D064,85,85 00,STA,ZP,3,NMI
15,0,D066,03D066,A5,A5 00,LDA,ZP,3,NMI
15,0,D068,03D068,8D,8D 05 20,STA,ABS,4,NMI
15,0,D06B,03D06B,A5,A5 F8,LDA,ZP,3,NMI
15,0,D06D,03D06D,09,09 1E,ORA,IMM,2,NMI
15,0,D06F,03D06F,85,85 F8,STA,ZP,3,NMI
15,0,D071,03D071,8D,8D 01 20,STA,ABS,4,NMI
15,0,D074,03D074,A5,A5 F7,LDA,ZP,3,NMI
15,0,D076,03D076,09,09 80,ORA,IMM,2,NMI
15,0,D078,03D078,85,85 F7,STA,ZP,3,NMI
15,0,D07A,03D07A,A5,A5 20,LDA,ZP,3,NMI
15,0,D07C,03D07C,45,45 01,EOR,ZP,3,NMI
15,0,D07E,03D07E,29,29 01,AND,IMM,2,NMI
15,0,D080,03D080,05,05 F7,ORA,ZP,3,NMI
15,0,D082,03D082,05,05 AE,ORA,ZP,3,NMI
15,0,D084,03D084,85,85 F7,STA,ZP,3,NMI
15,0,D086,03D086,8D,8D 00 20,STA,ABS,4,NMI
15,0,D089,03D089,85,85 1D,STA,ZP,3,NMI
15,0,D08B,03D08B,E6,E6 1C,INC,ZP,5,NMI
15,0,D08D,03D08D,A5,A5 68,LDA,ZP,3,NMI
15,0,D08F,03D08F,F0,F0 04,BEQ,REL,2,NMI
15,0,D091,03D091,E6,E6 67,INC,ZP,5,NMI
15,0,D093,03D093,D0,D0 31,BNE,REL,2,NMI
15,0,D095,03D095,A9,A9 0C,LDA,IMM,2,NMI
15,0,D097,03D097,8D,8D F0 FF,STA,ABS,4,NMI
15,0,D0C6,03D0C6,AD,AD 80 04,LDA,ABS,4,NMI
15,0,D0C9,03D0C9,45,45 4A,EOR,ZP,3,NMI
15,0,D0CB,03D0CB,65,65 1C,ADC,ZP,3,NMI
15,0,D0CD,03D0CD,4A,4A,LSR,IMP,2,NMI
15,0,D0CE,03D0CE,85,85 4A,STA,ZP,3,NMI
15,0,D0D0,03D0D0,68,68,PLA,IMP,4,NMI
15,0,D0D1,03D0D1,A8,A8,TAY,IMP,2,NMI
15,0,D0D2,03D0D2,68,68,PLA,IMP,4,NMI
15,0,D0D3,03D0D3,AA,AA,TAX,IMP,2,NMI
15,0,D0D4,03D0D4,28,28,PLP,IMP,4,NMI
15,0,D0D5,03D0D5,68,68,PLA,IMP,4,NMI
15,0,D0D6,03D0D6,40,40,RTI,IMP,6,NMI
15,0,D0F5,03D0F5,A0,A0 3F,LDY,IMM,2,NMI
15,0,D0F7,03D0F7,8C,8C 06 20,STY,ABS,4,NMI
15,0,D0FA,03D0FA,A2,A2 00,LDX,IMM,2,NMI
15,0,D0FC,03D0FC,8E,8E 06 20,STX,ABS,4,NMI
15,0,D0FF,03D0FF,BD,BD 56 03,LDA,ABX,4,NMI
15,0,D102,03D102,8D,8D 07 20,STA,ABS,4,NMI
15,0,D105,03D105,E8,E8,INX,IMP,2,NMI
15,0,D106,03D106,E0,E0 20,CPX,IMM,2,NMI
15,0,D108,03D108,D0,D0 F5,BNE,REL,2,NMI
15,0,D10A,03D10A,8C,8C 06 20,STY,ABS,4,NMI
15,0,D10D,03D10D,A9,A9 00,LDA,IMM,2,NMI
15,0,D10F,03D10F,8D,8D 06 20,STA,ABS,4,NMI
15,0,D112,03D112,8D,8D 06 20,STA,ABS,4,NMI
15,0,D115,03D115,8D,8D 06 20,STA,ABS,4,NMI
15,0,D118,03D118,85,85 3A,STA,ZP,3,NMI
15,0,D11A,03D11A,60,60,RTS,IMP,6,NMI
15,0,D11B,03D11B,10,10 03,BPL,REL,2,NMI
15,0,D11D,03D11D,4C,4C 81 D1,JMP,ABS,3,NMI
15,0,D120,03D120,A0,A0 00,LDY,IMM,2,NMI
15,0,D122,03D122,84,84 00,STY,ZP,3,NMI
15,0,D124,03D124,98,98,TYA,IMP,2,NMI
15,0,D125,03D125,0A,0A,ASL,IMP,2,NMI
15,0,D126,03D126,0A,0A,ASL,IMP,2,NMI
15,0,D127,03D127,0A,0A,ASL,IMP,2,NMI
15,0,D128,03D128,0A,0A,ASL,IMP,2,NMI
15,0,D129,03D129,AA,AA,TAX,IMP,2,NMI
15,0,D12A,03D12A,A9,A9 04,LDA,IMM,2,NMI
15,0,D12C,03D12C,85,85 01,STA,ZP,3,NMI
15,0,D12E,03D12E,B9,B9 00 03,LDA,ABY,4,NMI
15,0,D131,03D131,85,85 0B,STA,ZP,3,NMI
15,0,D133,03D133,B9,B9 04 03,LDA,ABY,4,NMI
15,0,D136,03D136,85,85 0A,STA,ZP,3,NMI
15,0,D138,03D138,C9,C9 80,CMP,IMM,2,NMI
15,0,D13A,03D13A,90,90 0C,BCC,REL,2,NMI
15,0,D13C,03D13C,A5,A5 0B,LDA,ZP,3,NMI
15,0,D13E,03D13E,29,29 03,AND,IMM,2,NMI
15,0,D140,03D140,C9,C9 03,CMP,IMM,2,NMI
15,0,D142,03D142,D0,D0 04,BNE,REL,2,NMI
15,0,D144,03D144,A9,A9 02,LDA,IMM,2,NMI
15,0,D146,03D146,85,85 01,STA,ZP,3,NMI
15,0,D148,03D148,B9,B9 08 03,LDA,ABY,4,NMI
15,0,D14B,03D14B,8D,8D 06 20,STA,ABS,4,NMI
15,0,D14E,03D14E,B9,B9 0C 03,LDA,ABY,4,NMI
15,0,D151,03D151,8D,8D 06 20,STA,ABS,4,NMI
15,0,D154,03D154,B9,B9 50 03,LDA,ABY,4,NMI
15,0,D157,03D157,8D,8D 07 20,STA,ABS,4,NMI
15,0,D15A,03D15A,A5,A5 0B,LDA,ZP,3,NMI
15,0,D15C,03D15C,8D,8D 06 20,STA,ABS,4,NMI
15,0,D15F,03D15F,18,18,CLC,IMP,2,NMI
15,0,D160,03D160,A5,A5 0A,LDA,ZP,3,NMI
15,0,D162,03D162,8D,8D 06 20,STA,ABS,4,NMI
15,0,D165,03D165,69,69 20,ADC,IMM,2,NMI
15,0,D167,03D167,85,85 0A,STA,ZP,3,NMI
15,0,D169,03D169,A0,A0 04,LDY,IMM,2,NMI
15,0,D16B,03D16B,BD,BD 10 03,LDA,ABX,4,NMI
15,0,D16E,03D16E,8D,8D 07 20,STA,ABS,4,NMI
15,0,D171,03D171,E8,E8,INX,IMP,2,NMI
15,0,D172,03D172,88,88,DEY,IMP,2,NMI
15,0,D173,03D173,D0,D0 F6,BNE,REL,2,NMI
15,0,D175,03D175,C6,C6 01,DEC,ZP,5,NMI
15,0,D177,03D177,D0,D0 E1,BNE,REL,2,NMI
15,0,D179,03D179,A4,A4 00,LDY,ZP,3,NMI
15,0,D17B,03D17B,C8,C8,INY,IMP,2,NMI
15,0,D17C,03D17C,C6,C6 1B,DEC,ZP,5,NMI
15,0,D17E,03D17E,D0,D0 A2,BNE,REL,2,NMI
15,0,D180,03D180,60,60,RTS,IMP,6,NMI
15,0,D181,03D181,A2,A2 00,LDX,IMM,2,NMI
15,0,D183,03D183,86,86 1B,STX,ZP,3,NMI
15,0,D185,03D185,AD,AD 00 03,LDA,ABS,4,NMI
15,0,D188,03D188,8D,8D 06 20,STA,ABS,4,NMI
15,0,D18B,03D18B,AD,AD 01 03,LDA,ABS,4,NMI
15,0,D18E,03D18E,8D,8D 06 20,STA,ABS,4,NMI
15,0,D191,03D191,BD,BD 02 03,LDA,ABX,4,NMI
15,0,D194,03D194,8D,8D 07 20,STA,ABS,4,NMI
15,0,D197,03D197,E8,E8,INX,IMP,2,NMI
15,0,D198,03D198,8A,8A,TXA,IMP,2,NMI
15,0,D199,03D199,29,29 07,AND,IMM,2,NMI
15,0,D19B,03D19B,D0,D0 F4,BNE,REL,2,NMI
15,0,D19D,03D19D,18,18,CLC,IMP,2,NMI
15,0,D19E,03D19E,AD,AD 01 03,LDA,ABS,4,NMI
15,0,D1A1,03D1A1,69,69 20,ADC,IMM,2,NMI
15,0,D1A3,03D1A3,8D,8D 01 03,STA,ABS,4,NMI
15,0,D1A6,03D1A6,AD,AD 12 03,LDA,ABS,4,NMI
15,0,D1A9,03D1A9,8D,8D 06 20,STA,ABS,4,NMI
15,0,D1AC,03D1AC,AD,AD 13 03,LDA,ABS,4,NMI
15,0,D1AF,03D1AF,8D,8D 06 20,STA,ABS,4,NMI
15,0,D1B2,03D1B2,AD,AD 07 20,LDA,ABS,4,NMI
15,0,D1B5,03D1B5,AD,AD 07 20,LDA,ABS,4,NMI
15,0,D1B8,03D1B8,A4,A4 1B,LDY,ZP,3,NMI
15,0,D1BA,03D1BA,2D,2D 14 03,AND,ABS,4,NMI
15,0,D1BD,03D1BD,19,19 15 03,ORA,ABY,4,NMI
15,0,D1C0,03D1C0,48,48,PHA,IMP,3,NMI
15,0,D1C1,03D1C1,AD,AD 12 03,LDA,ABS,4,NMI
15,0,D1C4,03D1C4,8D,8D 06 20,STA,ABS,4,NMI
15,0,D1C7,03D1C7,AD,AD 13 03,LDA,ABS,4,NMI
15,0,D1CA,03D1CA,8D,8D 06 20,STA,ABS,4,NMI
15,0,D1CD,03D1CD,68,68,PLA,IMP,4,NMI
15,0,D1CE,03D1CE,8D,8D 07 20,STA,ABS,4,NMI
15,0,D1D1,03D1D1,E6,E6 1B,INC,ZP,5,NMI
15,0,D1D3,03D1D3,EE,EE 13 03,INC,ABS,6,NMI
15,0,D1D6,03D1D6,E0,E0 10,CPX,IMM,2,NMI
15,0,D1D8,03D1D8,D0,D0 AB,BNE,REL,2,NMI
15,0,D1DA,03D1DA,A9,A9 00,LDA,IMM,2,NMI
15,0,D1DC,03D1DC,85,85 1B,STA,ZP,3,NMI
15,0,D1DE,03D1DE,60,60,RTS,IMP,6,NMI
15,0,D1DF,03D1DF,AD,AD B6 03,LDA,ABS,4,NMI
15,0,D1E2,03D1E2,8D,8D 06 20,STA,ABS,4,NMI
15,0,D1E5,03D1E5,AD,AD B7 03,LDA,ABS,4,NMI
15,0,D1E8,03D1E8,8D,8D 06 20,STA,ABS,4,NMI
15,0,D1EB,03D1EB,A2,A2 00,LDX,IMM,2,NMI
15,0,D1ED,03D1ED,BD,BD B8 03,LDA,ABX,4,NMI
15,0,D1F0,03D1F0,8D,8D 07 20,STA,ABS,4,NMI
15,0,D1F3,03D1F3,E8,E8,INX,IMP,2,NMI
15,0,D1F4,03D1F4,C6,C6 47,DEC,ZP,5,NMI
15,0,D1F6,03D1F6,D0,D0 F5,BNE,REL,2,NMI
15,0,D1F8,03D1F8,60,60,RTS,IMP,6,NMI
15,0,D1F9,03D1F9,A5,A5 F7,LDA,ZP,3,NMI
15,0,D1FB,03D1FB,09,09 04,ORA,IMM,2,NMI
15,0,D1FD,03D1FD,8D,8D 00 20,STA,ABS,4,NMI
15,0,D200,03D200,A5,A5 54,LDA,ZP,3,NMI
15,0,D202,03D202,D0,D0 65,BNE,REL,2,NMI
15,0,D204,03D204,A4,A4 51,LDY,ZP,3,NMI
15,0,D206,03D206,30,30 25,BMI,REL,2,NMI
15,0,D208,03D208,B9,B9 B5 03,LDA,ABY,4,NMI
15,0,D20B,03D20B,8D,8D 06 20,STA,ABS,4,NMI
15,0,D20E,03D20E,B9,B9 BB 03,LDA,ABY,4,NMI
15,0,D211,03D211,8D,8D 06 20,STA,ABS,4,NMI
15,0,D214,03D214,B9,B9 C1 03,LDA,ABY,4,NMI
15,0,D217,03D217,8D,8D 07 20,STA,ABS,4,NMI
15,0,D21A,03D21A,18,18,CLC,IMP,2,NMI
15,0,D21B,03D21B,69,69 01,ADC,IMM,2,NMI
15,0,D21D,03D21D,8D,8D 07 20,STA,ABS,4,NMI
15,0,D220,03D220,88,88,DEY,IMP,2,NMI
15,0,D221,03D221,D0,D0 E5,BNE,REL,2,NMI
15,0,D223,03D223,84,84 51,STY,ZP,3,NMI
15,0,D225,03D225,A5,A5 F7,LDA,ZP,3,NMI
15,0,D227,03D227,29,29 FB,AND,IMM,2,NMI
15,0,D229,03D229,8D,8D 00 20,STA,ABS,4,NMI
15,0,D22C,03D22C,60,60,RTS,IMP,6,NMI
15,0,D22D,03D22D,98,98,TYA,IMP,2,NMI
15,0,D22E,03D22E,29,29 7F,AND,IMM,2,NMI
15,0,D230,03D230,A8,A8,TAY,IMP,2,NMI
15,0,D231,03D231,A9,A9 02,LDA,IMM,2,NMI
15,0,D233,03D233,85,85 00,STA,ZP,3,NMI
15,0,D235,03D235,A9,A9 E4,LDA,IMM,2,NMI
15,0,D237,03D237,85,85 01,STA,ZP,3,NMI
15,0,D239,03D239,B9,B9 B5 03,LDA,ABY,4,NMI
15,0,D23C,03D23C,8D,8D 06 20,STA,ABS,4,NMI
15,0,D23F,03D23F,B9,B9 BB 03,LDA,ABY,4,NMI
15,0,D242,03D242,8D,8D 06 20,STA,ABS,4,NMI
15,0,D245,03D245,A9,A9 02,LDA,IMM,2,NMI
15,0,D247,03D247,85,85 02,STA,ZP,3,NMI
15,0,D249,03D249,A5,A5 01,LDA,ZP,3,NMI
15,0,D24B,03D24B,8D,8D 07 20,STA,ABS,4,NMI
15,0,D24E,03D24E,E6,E6 01,INC,ZP,5,NMI
15,0,D250,03D250,C6,C6 02,DEC,ZP,5,NMI
15,0,D252,03D252,D0,D0 F5,BNE,REL,2,NMI
15,0,D254,03D254,C6,C6 00,DEC,ZP,5,NMI
15,0,D256,03D256,F0,F0 0C,BEQ,REL,2,NMI
15,0,D258,03D258,18,18,CLC,IMP,2,NMI
15,0,D259,03D259,B9,B9 BB 03,LDA,ABY,4,NMI
15,0,D25C,03D25C,69,69 01,ADC,IMM,2,NMI
15,0,D25E,03D25E,99,99 BB 03,STA,ABY,5,NMI
15,0,D261,03D261,4C,4C 39 D2,JMP,ABS,3,NMI
15,0,D264,03D264,88,88,DEY,IMP,2,NMI
15,0,D265,03D265,D0,D0 CA,BNE,REL,2,NMI
15,0,D267,03D267,F0,F0 BA,BEQ,REL,2,NMI
15,0,D269,03D269,10,10 18,BPL,REL,2,NMI
15,0,D26B,03D26B,AD,AD B6 03,LDA,ABS,4,NMI
15,0,D26E,03D26E,8D,8D 06 20,STA,ABS,4,NMI
15,0,D271,03D271,AE,AE BC 03,LDX,ABS,4,NMI
15,0,D274,03D274,CA,CA,DEX,IMP,2,NMI
15,0,D275,03D275,CA,CA,DEX,IMP,2,NMI
15,0,D276,03D276,8E,8E 06 20,STX,ABS,4,NMI
15,0,D279,03D279,AD,AD 07 20,LDA,ABS,4,NMI
15,0,D27C,03D27C,AD,AD 07 20,LDA,ABS,4,NMI
15,0,D27F,03D27F,AA,AA,TAX,IMP,2,NMI
15,0,D280,03D280,4C,4C 85 D2,JMP,ABS,3,NMI
15,0,D283,03D283,A2,A2 20,LDX,IMM,2,NMI
15,0,D285,03D285,A0,A0 02,LDY,IMM,2,NMI
15,0,D287,03D287,AD,AD B6 03,LDA,ABS,4,NMI
15,0,D28A,03D28A,8D,8D 06 20,STA,ABS,4,NMI
15,0,D28D,03D28D,AD,AD BC 03,LDA,ABS,4,NMI
15,0,D290,03D290,8D,8D 06 20,STA,ABS,4,NMI
15,0,D293,03D293,8E,8E 07 20,STX,ABS,4,NMI
15,0,D296,03D296,E8,E8,INX,IMP,2,NMI
15,0,D297,03D297,8E,8E 07 20,STX,ABS,4,NMI
15,0,D29A,03D29A,E8,E8,INX,IMP,2,NMI
15,0,D29B,03D29B,EE,EE BC 03,INC,ABS,6,NMI
15,0,D29E,03D29E,88,88,DEY,IMP,2,NMI
15,0,D29F,03D29F,D0,D0 E6,BNE,REL,2,NMI
15,0,D2A1,03D2A1,AD,AD C2 03,LDA,ABS,4,NMI
15,0,D2A4,03D2A4,8D,8D 06 20,STA,ABS,4,NMI
15,0,D2A7,03D2A7,AD,AD C8 03,LDA,ABS,4,NMI
15,0,D2AA,03D2AA,8D,8D 06 20,STA,ABS,4,NMI
15,0,D2AD,03D2AD,A5,A5 54,LDA,ZP,3,NMI
15,0,D2AF,03D2AF,10,10 1B,BPL,REL,2,NMI
15,0,D2B1,03D2B1,AD,AD 07 20,LDA,ABS,4,NMI
15,0,D2B4,03D2B4,AD,AD 07 20,LDA,ABS,4,NMI
15,0,D2B7,03D2B7,85,85 00,STA,ZP,3,NMI
15,0,D2B9,03D2B9,AD,AD D4 03,LDA,ABS,4,NMI
15,0,D2BC,03D2BC,49,49 FF,EOR,IMM,2,NMI
15,0,D2BE,03D2BE,4A,4A,LSR,IMP,2,NMI
15,0,D2BF,03D2BF,4A,4A,LSR,IMP,2,NMI
15,0,D2C0,03D2C0,25,25 00,AND,ZP,3,NMI
15,0,D2C2,03D2C2,0A,0A,ASL,IMP,2,NMI
15,0,D2C3,03D2C3,0A,0A,ASL,IMP,2,NMI
15,0,D2C4,03D2C4,8D,8D CE 03,STA,ABS,4,NMI
15,0,D2C7,03D2C7,A5,A5 00,LDA,ZP,3,NMI
15,0,D2C9,03D2C9,4C,4C D2 D2,JMP,ABS,3,NMI
15,0,D2CC,03D2CC,AD,AD 07 20,LDA,ABS,4,NMI
15,0,D2CF,03D2CF,AD,AD 07 20,LDA,ABS,4,NMI
15,0,D2D2,03D2D2,2D,2D D4 03,AND,ABS,4,NMI
15,0,D2D5,03D2D5,0D,0D CE 03,ORA,ABS,4,NMI
15,0,D2D8,03D2D8,AA,AA,TAX,IMP,2,NMI
15,0,D2D9,03D2D9,AD,AD C2 03,LDA,ABS,4,NMI
15,0,D2DC,03D2DC,8D,8D 06 20,STA,ABS,4,NMI
15,0,D2DF,03D2DF,AD,AD C8 03,LDA,ABS,4,NMI
15,0,D2E2,03D2E2,8D,8D 06 20,STA,ABS,4,NMI
15,0,D2E5,03D2E5,8E,8E 07 20,STX,ABS,4,NMI
15,0,D2E8,03D2E8,84,84 54,STY,ZP,3,NMI
15,0,D2EA,03D2EA,4C,4C 23 D2,JMP,ABS,3,NMI
15,0,FFE0,03FFE0,78,78,SEI,IMP,2,RESET
15,0,FFE1,03FFE1,EE,EE E1 FF,INC,ABS,6,RESET
