opcode,mnemonic,mode,cycles
0x00,BRK,IMP,7
0x01,ORA,IZX,6
0x02,KIL,IMP,0
0x03,SLO,IZX,8
0x04,NOP,ZP,3
0x05,ORA,ZP,3
0x06,ASL,ZP,5
0x07,SLO,ZP,5
0x08,PHP,IMP,3
0x09,ORA,IMM,2
0x0A,ASL,IMP,2
0x0B,ANC,IMM,2
0x0C,NOP,ABS,4
0x0D,ORA,ABS,4
0x0E,ASL,ABS,6
0x0F,SLO,ABS,6
0x10,BPL,REL,2
0x11,ORA,IZY,5
0x12,KIL,IMP,0
0x13,SLO,IZY,8
0x14,NOP,ZPX,4
0x15,ORA,ZPX,4
0x16,ASL,ZPX,6
0x17,SLO,ZPX,6
0x18,CLC,IMP,2
0x19,ORA,ABY,4
0x1A,NOP,IMP,2
0x1B,SLO,ABY,7
0x1C,NOP,ABX,4
0x1D,ORA,ABX,4
0x1E,ASL,ABX,7
0x1F,SLO,ABX,7
0x20,JSR,ABS,6
0x21,AND,IZX,6
0x22,KIL,IMP,0
0x23,RLA,IZX,8
0x24,BIT,ZP,3
0x25,AND,ZP,3
0x26,ROL,ZP,5
0x27,RLA,ZP,5
0x28,PLP,IMP,4
0x29,AND,IMM,2
0x2A,ROL,IMP,2
0x2B,ANC,IMM,2
0x2C,BIT,ABS,4
0x2D,AND,ABS,4
0x2E,ROL,ABS,6
0x2F,RLA,ABS,6
0x30,BMI,REL,2
0x31,AND,IZY,5
0x32,KIL,IMP,0
0x33,RLA,IZY,8
0x34,NOP,ZPX,4
0x35,AND,ZPX,4
0x36,ROL,ZPX,6
0x37,RLA,ZPX,6
0x38,SEC,IMP,2
0x39,AND,ABY,4
0x3A,NOP,IMP,2
0x3B,RLA,ABY,7
0x3C,NOP,ABX,4
0x3D,AND,ABX,4
0x3E,ROL,ABX,7
0x3F,RLA,ABX,7
0x40,RTI,IMP,6
0x41,EOR,IZX,6
0x42,KIL,IMP,0
0x43,SRE,IZX,8
0x44,NOP,ZP,3
0x45,EOR,ZP,3
0x46,LSR,ZP,5
0x47,SRE,ZP,5
0x48,PHA,IMP,3
0x49,EOR,IMM,2
0x4A,LSR,IMP,2
0x4B,ALR,IMM,2
0x4C,JMP,ABS,3
0x4D,EOR,ABS,4
0x4E,LSR,ABS,6
0x4F,SRE,ABS,6
0x50,BVC,REL,2
0x51,EOR,IZY,5
0x52,KIL,IMP,0
0x53,SRE,IZY,8
0x54,NOP,ZPX,4
0x55,EOR,ZPX,4
0x56,LSR,ZPX,6
0x57,SRE,ZPX,6
0x58,CLI,IMP,2
0x59,EOR,ABY,4
0x5A,NOP,IMP,2
0x5B,SRE,ABY,7
0x5C,NOP,ABX,4
0x5D,EOR,ABX,4
0x5E,LSR,ABX,7
0x5F,SRE,ABX,7
0x60,RTS,IMP,6
0x61,ADC,IZX,6
0x62,KIL,IMP,0
0x63,RRA,IZX,8
0x64,NOP,ZP,3
0x65,ADC,ZP,3
0x66,ROR,ZP,5
0x67,RRA,ZP,5
0x68,PLA,IMP,4
0x69,ADC,IMM,2
0x6A,ROR,IMP,2
0x6B,ARR,IMM,2
0x6C,JMP,IND,5
0x6D,ADC,ABS,4
0x6E,ROR,ABS,6
0x6F,RRA,ABS,6
0x70,BVS,REL,2
0x71,ADC,IZY,5
0x72,KIL,IMP,0
0x73,RRA,IZY,8
0x74,NOP,ZPX,4
0x75,ADC,ZPX,4
0x76,ROR,ZPX,6
0x77,RRA,ZPX,6
0x78,SEI,IMP,2
0x79,ADC,ABY,4
0x7A,NOP,IMP,2
0x7B,RRA,ABY,7
0x7C,NOP,ABX,4
0x7D,ADC,ABX,4
0x7E,ROR,ABX,7
0x7F,RRA,ABX,7
0x80,NOP,IMM,2
0x81,STA,IZX,6
0x82,NOP,IMM,2
0x83,SAX,IZX,6
0x84,STY,ZP,3
0x85,STA,ZP,3
0x86,STX,ZP,3
0x87,SAX,ZP,3
0x88,DEY,IMP,2
0x89,NOP,IMM,2
0x8A,TXA,IMP,2
0x8B,XAA,IMM,2
0x8C,STY,ABS,4
0x8D,STA,ABS,4
0x8E,STX,ABS,4
0x8F,SAX,ABS,4
0x90,BCC,REL,2
0x91,STA,IZY,6
0x92,KIL,IMP,0
0x93,AHX,IZY,6
0x94,STY,ZPX,4
0x95,STA,ZPX,4
0x96,STX,ZPY,4
0x97,SAX,ZPY,4
0x98,TYA,IMP,2
0x99,STA,ABY,5
0x9A,TXS,IMP,2
0x9B,TAS,ABY,5
0x9C,SHY,ABX,5
0x9D,STA,ABX,5
0x9E,SHX,ABY,5
0x9F,AHX,ABY,5
0xA0,LDY,IMM,2
0xA1,LDA,IZX,6
0xA2,LDX,IMM,2
0xA3,LAX,IZX,6
0xA4,LDY,ZP,3
0xA5,LDA,ZP,3
0xA6,LDX,ZP,3
0xA7,LAX,ZP,3
0xA8,TAY,IMP,2
0xA9,LDA,IMM,2
0xAA,TAX,IMP,2
0xAB,LAX,IMM,2
0xAC,LDY,ABS,4
0xAD,LDA,ABS,4
0xAE,LDX,ABS,4
0xAF,LAX,ABS,4
0xB0,BCS,REL,2
0xB1,LDA,IZY,5
0xB2,KIL,IMP,0
0xB3,LAX,IZY,5
0xB4,LDY,ZPX,4
0xB5,LDA,ZPX,4
0xB6,LDX,ZPY,4
0xB7,LAX,ZPY,4
0xB8,CLV,IMP,2
0xB9,LDA,ABY,4
0xBA,TSX,IMP,2
0xBB,LAS,ABY,4
0xBC,LDY,ABX,4
0xBD,LDA,ABX,4
0xBE,LDX,ABY,4
0xBF,LAX,ABY,4
0xC0,CPY,IMM,2
0xC1,CMP,IZX,6
0xC2,NOP,IMM,2
0xC3,DCP,IZX,8
0xC4,CPY,ZP,3
0xC5,CMP,ZP,3
0xC6,DEC,ZP,5
0xC7,DCP,ZP,5
0xC8,INY,IMP,2
0xC9,CMP,IMM,2
0xCA,DEX,IMP,2
0xCB,AXS,IMM,2
0xCC,CPY,ABS,4
0xCD,CMP,ABS,4
0xCE,DEC,ABS,6
0xCF,DCP,ABS,6
0xD0,BNE,REL,2
0xD1,CMP,IZY,5
0xD2,KIL,IMP,0
0xD3,DCP,IZY,8
0xD4,NOP,ZPX,4
0xD5,CMP,ZPX,4
0xD6,DEC,ZPX,6
0xD7,DCP,ZPX,6
0xD8,CLD,IMP,2
0xD9,CMP,ABY,4
0xDA,NOP,IMP,2
0xDB,DCP,ABY,7
0xDC,NOP,ABX,4
0xDD,CMP,ABX,4
0xDE,DEC,ABX,7
0xDF,DCP,ABX,7
0xE0,CPX,IMM,2
0xE1,SBC,IZX,6
0xE2,NOP,IMM,2
0xE3,ISC,IZX,8
0xE4,CPX,ZP,3
0xE5,SBC,ZP,3
0xE6,INC,ZP,5
0xE7,ISC,ZP,5
0xE8,INX,IMP,2
0xE9,SBC,IMM,2
0xEA,NOP,IMP,2
0xEB,SBC,IMM,2
0xEC,CPX,ABS,4
0xED,SBC,ABS,4
0xEE,INC,ABS,6
0xEF,ISC,ABS,6
0xF0,BEQ,REL,2
0xF1,SBC,IZY,5
0xF2,KIL,IMP,0
0xF3,ISC,IZY,8
0xF4,NOP,ZPX,4
0xF5,SBC,ZPX,4
0xF6,INC,ZPX,6
0xF7,ISC,ZPX,6
0xF8,SED,IMP,2
0xF9,SBC,ABY,4
0xFA,NOP,IMP,2
0xFB,ISC,ABY,7
0xFC,NOP,ABX,4
0xFD,SBC,ABX,4
0xFE,INC,ABX,7
0xFF,ISC,ABX,7
