mapping_low_bank,cpu_pc,reason
0,C000,bank_switch_call_from_C0A7
0,C000,bank_switch_call_from_C1B3
0,C000,bank_switch_call_from_C4C9
0,C000,bank_switch_call_from_C54A
0,C000,bank_switch_call_from_C685
0,C000,bank_switch_call_from_C71F
0,C000,bank_switch_call_from_C7A0
0,C000,bank_switch_call_from_C7B1
0,C000,bank_switch_call_from_C804
0,C000,bank_switch_call_from_CA03
0,C000,bank_switch_call_from_CC43
0,C000,bank_switch_call_from_CC79
0,C000,bank_switch_call_from_D74F
0,C000,bank_switch_call_from_F2DD
0,C000,contract_bank_switch_call_from_C498
0,C000,contract_bank_switch_call_from_C4AF
0,C000,contract_bank_switch_call_from_C537
0,C000,contract_bank_switch_call_from_C66A
0,C000,contract_bank_switch_call_from_C7CD
0,C000,contract_bank_switch_call_from_CB4A
0,C000,contract_bank_switch_call_from_CB60
0,C051,direct_jsr_from_C7F3
0,C07F,direct_jsr_from_C7EB
0,C427,direct_jsr_from_C087
0,C7C9,direct_jmp_from_C7EE
0,CB64,direct_jsr_from_C511
0,CB64,direct_jsr_from_CB39
0,CC41,direct_jmp_from_CBD4
0,CC77,direct_jsr_from_C7E8
0,CFF0,NMI
0,D08D,direct_jmp_from_CFFA
0,D0D7,direct_jsr_from_C092
0,D0F5,direct_jsr_from_C4C4
0,D0F5,direct_jsr_from_D023
0,D11B,direct_jsr_from_D020
0,D181,direct_jmp_from_D11D
0,D1DF,direct_jsr_from_D02A
0,D1F9,direct_jsr_from_D031
0,D223,direct_jmp_from_D2EA
0,D239,direct_jmp_from_D261
0,D285,direct_jmp_from_D280
0,D2D2,direct_jmp_from_D2C9
0,D74D,direct_jmp_from_D6E5
0,D753,direct_jsr_from_D68B
0,D753,direct_jsr_from_D6FA
0,D77C,direct_jsr_from_D7F6
0,D7CC,direct_jsr_from_D6C5
0,D7CC,direct_jsr_from_D72F
0,DA43,direct_jsr_from_D75E
0,DA43,direct_jsr_from_D7D7
0,F2D1,direct_jmp_from_FFE4
0,FFE0,IRQ
0,FFE0,RESET
1,C000,bank_switch_call_from_C0A7
1,C000,bank_switch_call_from_C1B3
1,C000,bank_switch_call_from_C4C9
1,C000,bank_switch_call_from_C54A
1,C000,bank_switch_call_from_C71F
1,C000,bank_switch_call_from_C743
1,C000,bank_switch_call_from_C7B1
1,C000,bank_switch_call_from_C804
1,C000,bank_switch_call_from_CA03
1,C000,bank_switch_call_from_CC43
1,C000,bank_switch_call_from_CC79
1,C000,bank_switch_call_from_D74F
1,C000,contract_bank_switch_call_from_C498
1,C000,contract_bank_switch_call_from_C4AF
1,C000,contract_bank_switch_call_from_C537
1,C000,contract_bank_switch_call_from_C7CD
1,C000,contract_bank_switch_call_from_CB4A
1,C000,contract_bank_switch_call_from_CB60
1,C051,direct_jsr_from_C7F3
1,C07F,direct_jsr_from_C7EB
1,C427,direct_jsr_from_C087
1,C7C9,direct_jmp_from_C7EE
1,CB64,direct_jsr_from_C511
1,CB64,direct_jsr_from_CB39
1,CC41,direct_jmp_from_CBD4
1,CC77,direct_jsr_from_C7E8
1,D0D7,direct_jsr_from_C092
1,D0F5,direct_jsr_from_C4C4
1,D74D,direct_jmp_from_D6E5
1,D753,direct_jsr_from_D68B
1,D753,direct_jsr_from_D6FA
1,D77C,direct_jsr_from_D7F6
1,D7CC,direct_jsr_from_D6C5
1,D7CC,direct_jsr_from_D72F
1,DA43,direct_jsr_from_D75E
1,DA43,direct_jsr_from_D7D7
2,C000,bank_switch_call_from_C0A7
2,C000,bank_switch_call_from_C1B3
2,C000,bank_switch_call_from_C4C9
2,C000,bank_switch_call_from_C54A
2,C000,bank_switch_call_from_C71F
2,C000,bank_switch_call_from_C7B1
2,C000,bank_switch_call_from_C804
2,C000,bank_switch_call_from_CA03
2,C000,bank_switch_call_from_CC43
2,C000,bank_switch_call_from_CC79
2,C000,bank_switch_call_from_D74F
2,C000,contract_bank_switch_call_from_C498
2,C000,contract_bank_switch_call_from_C4AF
2,C000,contract_bank_switch_call_from_C537
2,C000,contract_bank_switch_call_from_C7CD
2,C000,contract_bank_switch_call_from_CB4A
2,C000,contract_bank_switch_call_from_CB60
2,C051,direct_jsr_from_C7F3
2,C07F,direct_jsr_from_C7EB
2,C427,direct_jsr_from_C087
2,C7C9,direct_jmp_from_C7EE
2,CB64,direct_jsr_from_C511
2,CB64,direct_jsr_from_CB39
2,CC41,direct_jmp_from_CBD4
2,CC77,direct_jsr_from_C7E8
2,D0D7,direct_jsr_from_C092
2,D0F5,direct_jsr_from_C4C4
2,D74D,direct_jmp_from_D6E5
2,D753,direct_jsr_from_D68B
2,D753,direct_jsr_from_D6FA
2,D77C,direct_jsr_from_D7F6
2,D7CC,direct_jsr_from_D6C5
2,D7CC,direct_jsr_from_D72F
2,DA43,direct_jsr_from_D75E
2,DA43,direct_jsr_from_D7D7
3,C000,bank_switch_call_from_C0A7
3,C000,bank_switch_call_from_C1B3
3,C000,bank_switch_call_from_C4C9
3,C000,bank_switch_call_from_C54A
3,C000,bank_switch_call_from_C640
3,C000,bank_switch_call_from_C71F
3,C000,bank_switch_call_from_C7B1
3,C000,bank_switch_call_from_C804
3,C000,bank_switch_call_from_CA03
3,C000,bank_switch_call_from_CC43
3,C000,bank_switch_call_from_CC79
3,C000,bank_switch_call_from_D74F
3,C000,contract_bank_switch_call_from_C498
3,C000,contract_bank_switch_call_from_C4AF
3,C000,contract_bank_switch_call_from_C537
3,C000,contract_bank_switch_call_from_C7CD
3,C000,contract_bank_switch_call_from_CB4A
3,C000,contract_bank_switch_call_from_CB60
3,C051,direct_jsr_from_C7F3
3,C07F,direct_jsr_from_C7EB
3,C427,direct_jsr_from_C087
3,C7C9,direct_jmp_from_C7EE
3,CB64,direct_jsr_from_C511
3,CB64,direct_jsr_from_CB39
3,CC41,direct_jmp_from_CBD4
3,CC77,direct_jsr_from_C7E8
3,D0D7,direct_jsr_from_C092
3,D0F5,direct_jsr_from_C4C4
3,D74D,direct_jmp_from_D6E5
3,D753,direct_jsr_from_D68B
3,D753,direct_jsr_from_D6FA
3,D77C,direct_jsr_from_D7F6
3,D7CC,direct_jsr_from_D6C5
3,D7CC,direct_jsr_from_D72F
3,DA43,direct_jsr_from_D75E
3,DA43,direct_jsr_from_D7D7
4,C000,bank_switch_call_from_C0A7
4,C000,bank_switch_call_from_C1B3
4,C000,bank_switch_call_from_C4C9
4,C000,bank_switch_call_from_C54A
4,C000,bank_switch_call_from_C71F
4,C000,bank_switch_call_from_C7B1
4,C000,bank_switch_call_from_C804
4,C000,bank_switch_call_from_CA03
4,C000,bank_switch_call_from_CC43
4,C000,bank_switch_call_from_CC79
4,C000,bank_switch_call_from_D74F
4,C000,contract_bank_switch_call_from_C498
4,C000,contract_bank_switch_call_from_C4AF
4,C000,contract_bank_switch_call_from_C537
4,C000,contract_bank_switch_call_from_C7CD
4,C000,contract_bank_switch_call_from_CB4A
4,C000,contract_bank_switch_call_from_CB60
4,C051,direct_jsr_from_C7F3
4,C07F,direct_jsr_from_C7EB
4,C427,direct_jsr_from_C087
4,C7C9,direct_jmp_from_C7EE
4,CB64,direct_jsr_from_C511
4,CB64,direct_jsr_from_CB39
4,CC41,direct_jmp_from_CBD4
4,CC77,direct_jsr_from_C7E8
4,D0D7,direct_jsr_from_C092
4,D0F5,direct_jsr_from_C4C4
4,D74D,direct_jmp_from_D6E5
4,D753,direct_jsr_from_D68B
4,D753,direct_jsr_from_D6FA
4,D77C,direct_jsr_from_D7F6
4,D7CC,direct_jsr_from_D6C5
4,D7CC,direct_jsr_from_D72F
4,DA43,direct_jsr_from_D75E
4,DA43,direct_jsr_from_D7D7
5,C000,bank_switch_call_from_C0A7
5,C000,bank_switch_call_from_C1B3
5,C000,bank_switch_call_from_C4C9
5,C000,bank_switch_call_from_C54A
5,C000,bank_switch_call_from_C685
5,C000,bank_switch_call_from_C71F
5,C000,bank_switch_call_from_C7B1
5,C000,bank_switch_call_from_C804
5,C000,bank_switch_call_from_CA03
5,C000,bank_switch_call_from_CC43
5,C000,bank_switch_call_from_CC79
5,C000,bank_switch_call_from_D74F
5,C000,contract_bank_switch_call_from_C498
5,C000,contract_bank_switch_call_from_C4AF
5,C000,contract_bank_switch_call_from_C537
5,C000,contract_bank_switch_call_from_C66A
5,C000,contract_bank_switch_call_from_C7CD
5,C000,contract_bank_switch_call_from_CB4A
5,C000,contract_bank_switch_call_from_CB60
5,C051,direct_jsr_from_C7F3
5,C07F,direct_jsr_from_C7EB
5,C427,direct_jsr_from_C087
5,C7C9,direct_jmp_from_C7EE
5,CB64,direct_jsr_from_C511
5,CB64,direct_jsr_from_CB39
5,CC41,direct_jmp_from_CBD4
5,CC77,direct_jsr_from_C7E8
5,D0D7,direct_jsr_from_C092
5,D0F5,direct_jsr_from_C4C4
5,D74D,direct_jmp_from_D6E5
5,D753,direct_jsr_from_D68B
5,D753,direct_jsr_from_D6FA
5,D77C,direct_jsr_from_D7F6
5,D7CC,direct_jsr_from_D6C5
5,D7CC,direct_jsr_from_D72F
5,DA43,direct_jsr_from_D75E
5,DA43,direct_jsr_from_D7D7
6,C000,bank_switch_call_from_C0A7
6,C000,bank_switch_call_from_C1B3
6,C000,bank_switch_call_from_C4C9
6,C000,bank_switch_call_from_C54A
6,C000,bank_switch_call_from_C685
6,C000,bank_switch_call_from_C71F
6,C000,bank_switch_call_from_C7B1
6,C000,bank_switch_call_from_C804
6,C000,bank_switch_call_from_CA03
6,C000,bank_switch_call_from_CC43
6,C000,bank_switch_call_from_CC79
6,C000,bank_switch_call_from_D74F
6,C000,contract_bank_switch_call_from_C498
6,C000,contract_bank_switch_call_from_C4AF
6,C000,contract_bank_switch_call_from_C537
6,C000,contract_bank_switch_call_from_C66A
6,C000,contract_bank_switch_call_from_C7CD
6,C000,contract_bank_switch_call_from_CB4A
6,C000,contract_bank_switch_call_from_CB60
6,C051,direct_jsr_from_C7F3
6,C07F,direct_jsr_from_C7EB
6,C427,direct_jsr_from_C087
6,C7C9,direct_jmp_from_C7EE
6,CB64,direct_jsr_from_C511
6,CB64,direct_jsr_from_CB39
6,CC41,direct_jmp_from_CBD4
6,CC77,direct_jsr_from_C7E8
6,D0D7,direct_jsr_from_C092
6,D0F5,direct_jsr_from_C4C4
6,D74D,direct_jmp_from_D6E5
6,D753,direct_jsr_from_D68B
6,D753,direct_jsr_from_D6FA
6,D77C,direct_jsr_from_D7F6
6,D7CC,direct_jsr_from_D6C5
6,D7CC,direct_jsr_from_D72F
6,DA43,direct_jsr_from_D75E
6,DA43,direct_jsr_from_D7D7
7,C000,bank_switch_call_from_C0A7
7,C000,bank_switch_call_from_C1B3
7,C000,bank_switch_call_from_C4C9
7,C000,bank_switch_call_from_C54A
7,C000,bank_switch_call_from_C71F
7,C000,bank_switch_call_from_C7B1
7,C000,bank_switch_call_from_C804
7,C000,bank_switch_call_from_CA03
7,C000,bank_switch_call_from_CC43
7,C000,bank_switch_call_from_CC79
7,C000,bank_switch_call_from_D74F
7,C000,contract_bank_switch_call_from_C498
7,C000,contract_bank_switch_call_from_C4AF
7,C000,contract_bank_switch_call_from_C537
7,C000,contract_bank_switch_call_from_C7CD
7,C000,contract_bank_switch_call_from_CB4A
7,C000,contract_bank_switch_call_from_CB60
7,C051,direct_jsr_from_C7F3
7,C07F,direct_jsr_from_C7EB
7,C427,direct_jsr_from_C087
7,C7C9,direct_jmp_from_C7EE
7,CB64,direct_jsr_from_C511
7,CB64,direct_jsr_from_CB39
7,CC41,direct_jmp_from_CBD4
7,CC77,direct_jsr_from_C7E8
7,D0D7,direct_jsr_from_C092
7,D0F5,direct_jsr_from_C4C4
7,D74D,direct_jmp_from_D6E5
7,D753,direct_jsr_from_D68B
7,D753,direct_jsr_from_D6FA
7,D77C,direct_jsr_from_D7F6
7,D7CC,direct_jsr_from_D6C5
7,D7CC,direct_jsr_from_D72F
7,DA43,direct_jsr_from_D75E
7,DA43,direct_jsr_from_D7D7
8,C000,bank_switch_call_from_C54A
8,C000,bank_switch_call_from_C71F
8,C000,contract_bank_switch_call_from_C4AF
8,C000,contract_bank_switch_call_from_C537
8,C000,contract_bank_switch_call_from_CB60
9,8600,direct_jsr_from_D62E
9,8603,direct_jsr_from_D63C
9,8606,direct_jsr_from_D647
9,8609,direct_jsr_from_D652
9,860C,direct_jmp_from_8600
9,8637,direct_jmp_from_8603
9,8678,direct_jmp_from_8606
9,8681,direct_jmp_from_8609
9,86EB,direct_jsr_from_869D
9,86EB,direct_jsr_from_86BE
9,C000,bank_switch_call_from_C54A
9,C000,bank_switch_call_from_C71F
9,C000,bank_switch_call_from_C75C
9,C000,bank_switch_call_from_D633
9,C000,contract_bank_switch_call_from_C4AF
9,C000,contract_bank_switch_call_from_C537
9,C000,contract_bank_switch_call_from_CB60
9,D631,direct_jmp_from_D63F
9,D631,direct_jmp_from_D64A
9,D631,direct_jmp_from_D655
10,C000,bank_switch_call_from_C54A
10,C000,bank_switch_call_from_C71F
10,C000,bank_switch_call_from_CD01
10,C000,contract_bank_switch_call_from_C4AF
10,C000,contract_bank_switch_call_from_C537
10,C000,contract_bank_switch_call_from_CB60
10,CC6C,direct_jsr_from_CC7C
10,CCE5,direct_jmp_from_CCBD
10,CCE5,direct_jmp_from_CD51
10,CCE5,direct_jmp_from_CD94
10,CD05,direct_jmp_from_CC8B
10,CD22,direct_jmp_from_CD1C
10,CD33,direct_jmp_from_CD2D
10,CD7B,direct_jmp_from_CD75
10,CD90,direct_jmp_from_CD8A
10,CD97,direct_jsr_from_CD19
10,CD97,direct_jsr_from_CD30
10,CD97,direct_jsr_from_CD78
10,CD97,direct_jsr_from_CD87
10,CDBF,direct_jsr_from_CD3D
10,CDBF,direct_jsr_from_CD5F
10,CDE7,direct_jsr_from_CC9C
10,CDE7,direct_jsr_from_CCD8
10,CDE7,direct_jsr_from_CD1F
10,CDE7,direct_jsr_from_CD2A
10,CDE7,direct_jsr_from_CD72
10,CDE7,direct_jsr_from_CD8D
10,CE2F,direct_jmp_from_CDB8
10,CE69,direct_jmp_from_CF58
10,CECE,direct_jmp_from_CEC9
10,CEF5,direct_jmp_from_CE40
10,CEF9,direct_jsr_from_CCA9
10,CEF9,direct_jsr_from_CCCB
10,CF41,direct_jmp_from_CDE0
10,CF5D,direct_jsr_from_CCBA
10,CF5D,direct_jsr_from_CCC0
10,CF5D,direct_jsr_from_CD4E
10,CF5D,direct_jsr_from_CD54
10,CFA8,direct_jsr_from_CF6C
10,CFA8,direct_jsr_from_CF82
10,CFA8,direct_jsr_from_CFA4
10,CFC9,direct_jmp_from_CFC2
11,8000,direct_jsr_from_C811
11,8003,direct_jsr_from_C5B2
11,8063,direct_jmp_from_8014
11,80C5,reviewed_indirect_from_8028
11,80D3,reviewed_indirect_from_80D0
11,80D3,reviewed_indirect_from_82EE
11,80D3,reviewed_indirect_from_8506
11,80D3,reviewed_indirect_from_8661
11,80D3,reviewed_indirect_from_87A9
11,80D3,reviewed_indirect_from_8961
11,80D3,reviewed_indirect_from_8B2B
11,80D3,reviewed_indirect_from_8CCE
11,811B,direct_jmp_from_82D6
11,815E,reviewed_indirect_from_80D0
11,81D3,direct_jmp_from_828A
11,81D3,direct_jmp_from_82D3
11,81FD,reviewed_indirect_from_80D0
11,8290,reviewed_indirect_from_80D0
11,82CC,reviewed_indirect_from_80D0
11,82E3,reviewed_indirect_from_8028
11,82F1,reviewed_indirect_from_82EE
11,8419,reviewed_indirect_from_82EE
11,841E,direct_jmp_from_8433
11,8480,reviewed_indirect_from_82EE
11,84D9,direct_jsr_from_837A
11,84D9,direct_jsr_from_8426
11,84D9,direct_jsr_from_847C
11,84D9,direct_jsr_from_8480
11,84F2,direct_jmp_from_84E1
11,84FB,reviewed_indirect_from_8028
11,8509,reviewed_indirect_from_8506
11,857B,direct_jmp_from_851B
11,857B,direct_jmp_from_8538
11,8583,reviewed_indirect_from_8506
11,85BB,reviewed_indirect_from_8506
11,8636,direct_jsr_from_857B
11,8636,direct_jsr_from_85B7
11,8636,direct_jsr_from_85BB
11,8656,reviewed_indirect_from_8028
11,8664,reviewed_indirect_from_8661
11,86EA,reviewed_indirect_from_8661
11,8747,direct_jmp_from_876E
11,8754,reviewed_indirect_from_8661
11,8771,direct_jsr_from_86E6
11,8771,direct_jsr_from_86F0
11,8771,direct_jsr_from_8754
11,878A,direct_jmp_from_8779
11,879E,reviewed_indirect_from_8028
11,87AC,reviewed_indirect_from_87A9
11,8899,reviewed_indirect_from_87A9
11,889E,direct_jmp_from_8823
11,889E,direct_jsr_from_88E0
11,88B8,reviewed_indirect_from_87A9
11,88C1,reviewed_indirect_from_87A9
11,8903,direct_jsr_from_88B0
11,8903,direct_jsr_from_88BD
11,8903,direct_jsr_from_88E3
11,890E,direct_jsr_from_8832
11,894B,direct_jmp_from_8916
11,8956,reviewed_indirect_from_8028
11,8964,reviewed_indirect_from_8961
11,89B6,reviewed_indirect_from_8961
11,8A08,direct_jmp_from_8A32
11,8A08,direct_jmp_from_8AA8
11,8A0C,reviewed_indirect_from_8961
11,8AAD,reviewed_indirect_from_8961
11,8AE4,direct_jsr_from_8991
11,8AE4,direct_jsr_from_899A
11,8AE4,direct_jsr_from_8A08
11,8AE4,direct_jsr_from_8ACA
11,8AFE,direct_jmp_from_8AEC
11,8B20,reviewed_indirect_from_8028
11,8B2E,reviewed_indirect_from_8B2B
11,8B6E,direct_jmp_from_8B52
11,8B74,direct_jsr_from_8B4F
11,8B74,direct_jsr_from_8B6B
11,8BB5,reviewed_indirect_from_8B2B
11,8C3E,direct_jsr_from_8B70
11,8C3E,direct_jsr_from_8BBB
11,8CA9,direct_jmp_from_8C98
11,8CC3,reviewed_indirect_from_8028
11,8CD1,reviewed_indirect_from_8CCE
11,8CF6,reviewed_indirect_from_8CCE
11,8D80,reviewed_indirect_from_8CCE
11,8DF0,direct_jsr_from_8CF2
11,8DF0,direct_jsr_from_8D7C
11,8DF0,direct_jsr_from_8D8A
11,8E10,reviewed_indirect_from_8028
11,8E1E,reviewed_indirect_from_8E1B
11,8F16,reviewed_indirect_from_8E1B
11,8F8A,reviewed_indirect_from_8E1B
11,8FC9,direct_jsr_from_8FB2
11,8FC9,direct_jsr_from_901D
11,8FFC,reviewed_indirect_from_8E1B
11,9035,direct_jsr_from_911B
11,9053,direct_jsr_from_9CB4
11,9064,reviewed_indirect_from_8E1B
11,9084,direct_jmp_from_9107
11,90C5,direct_jsr_from_906B
11,90C5,direct_jsr_from_90EC
11,90E5,reviewed_indirect_from_8E1B
11,910A,direct_jsr_from_9071
11,9122,reviewed_indirect_from_8E1B
11,9122,reviewed_indirect_from_9FE5
11,9165,direct_jsr_from_8FBD
11,9165,direct_jsr_from_9020
11,9165,direct_jsr_from_90BC
11,91A4,direct_jsr_from_9509
11,91A4,direct_jsr_from_9659
11,91A4,direct_jsr_from_9A88
11,91D2,direct_jmp_from_91C6
11,9213,reviewed_indirect_from_8028
11,9221,reviewed_indirect_from_921E
11,9245,reviewed_indirect_from_921E
11,92DC,direct_jmp_from_9242
11,9357,reviewed_indirect_from_921E
11,9357,reviewed_indirect_from_9679
11,9369,reviewed_indirect_from_9FE5
11,9382,direct_jsr_from_912E
11,9382,direct_jsr_from_9371
11,9382,direct_jsr_from_999C
11,939B,reviewed_indirect_from_8028
11,93A9,reviewed_indirect_from_93A6
11,94AD,reviewed_indirect_from_93A6
11,94F8,direct_jmp_from_94CF
11,951D,reviewed_indirect_from_93A6
11,9537,reviewed_indirect_from_93A6
11,9547,reviewed_indirect_from_93A6
11,954B,reviewed_indirect_from_93A6
11,9563,direct_jsr_from_9533
11,9563,direct_jsr_from_955F
11,9613,direct_jmp_from_9568
11,9625,direct_jmp_from_9A7A
11,966E,reviewed_indirect_from_8028
11,967C,reviewed_indirect_from_9679
11,96C0,reviewed_indirect_from_8028
11,96CE,reviewed_indirect_from_96CB
11,979B,direct_jsr_from_9765
11,979B,direct_jsr_from_976E
11,97B6,direct_jmp_from_97A9
11,97D4,direct_jsr_from_9751
11,97F8,direct_jsr_from_973A
11,97F8,direct_jsr_from_9929
11,9814,reviewed_indirect_from_96CB
11,981F,direct_jmp_from_98AD
11,98A2,reviewed_indirect_from_96CB
11,98B0,reviewed_indirect_from_96CB
11,997B,reviewed_indirect_from_96CB
11,997B,reviewed_indirect_from_9FE5
11,9A10,direct_jsr_from_9825
11,9B2A,reviewed_indirect_from_8028
11,9B38,reviewed_indirect_from_9B35
11,9C6B,reviewed_indirect_from_9B35
11,9CD8,direct_jsr_from_9C6B
11,9CD8,direct_jsr_from_9E4B
11,9D0F,reviewed_indirect_from_9B35
11,9D0F,reviewed_indirect_from_9FE5
11,9D46,direct_jsr_from_9D65
11,9D46,direct_jsr_from_9D80
11,9D46,direct_jsr_from_9DA2
11,9D65,reviewed_indirect_from_9B35
11,9D65,reviewed_indirect_from_9D43
11,9D80,reviewed_indirect_from_9B35
11,9D80,reviewed_indirect_from_9D43
11,9DA2,reviewed_indirect_from_9B35
11,9DA2,reviewed_indirect_from_9D43
11,9E41,reviewed_indirect_from_9B35
11,9E41,reviewed_indirect_from_9D43
11,9E6D,direct_jsr_from_9E41
11,9E6D,direct_jsr_from_9E8F
11,9E8F,reviewed_indirect_from_9B35
11,9E8F,reviewed_indirect_from_9D43
11,9EF3,reviewed_indirect_from_9B35
11,9EF3,reviewed_indirect_from_9D43
11,9F57,reviewed_indirect_from_9B35
11,9F57,reviewed_indirect_from_9D43
11,9F9A,reviewed_indirect_from_9B35
11,9F9A,reviewed_indirect_from_9D43
11,9FD3,direct_jmp_from_801B
11,A08B,direct_jmp_from_912B
11,A08B,direct_jmp_from_937F
11,A08B,direct_jmp_from_9FF4
11,A10C,direct_jsr_from_812B
11,A10C,direct_jsr_from_81EB
11,A10C,direct_jsr_from_8278
11,A10C,direct_jsr_from_82C0
11,A10C,direct_jsr_from_8305
11,A10C,direct_jsr_from_84C8
11,A10C,direct_jsr_from_8578
11,A10C,direct_jsr_from_85B2
11,A10C,direct_jsr_from_8632
11,A10C,direct_jsr_from_86E3
11,A10C,direct_jsr_from_876B
11,A10C,direct_jsr_from_88AD
11,A10C,direct_jsr_from_88F4
11,A10C,direct_jsr_from_893F
11,A10C,direct_jsr_from_8989
11,A10C,direct_jsr_from_89B2
11,A10C,direct_jsr_from_8A05
11,A10C,direct_jsr_from_8A2C
11,A10C,direct_jsr_from_8AE1
11,A10C,direct_jsr_from_8B76
11,A10C,direct_jsr_from_8C03
11,A10C,direct_jsr_from_8CED
11,A10C,direct_jsr_from_8D4F
11,A10C,direct_jsr_from_9A58
11,A10C,direct_jsr_from_9B91
11,A10C,direct_jsr_from_9BD1
11,A10C,direct_jsr_from_9E27
11,A10C,direct_jsr_from_9EC0
11,A10C,direct_jsr_from_9F3A
11,A10C,direct_jsr_from_9F7F
11,A118,direct_jsr_from_9023
11,A118,direct_jsr_from_922C
11,A118,direct_jsr_from_93A9
11,A118,direct_jsr_from_967C
11,A118,direct_jsr_from_9774
11,A118,direct_jsr_from_98B0
11,A118,direct_jsr_from_9BED
11,A12E,direct_jsr_from_88FF
11,A146,direct_jsr_from_81D5
11,A146,direct_jsr_from_84E4
11,A146,direct_jsr_from_863F
11,A146,direct_jsr_from_877C
11,A146,direct_jsr_from_8919
11,A146,direct_jsr_from_8AEF
11,A146,direct_jsr_from_8C9B
11,A146,direct_jsr_from_8DF9
11,A146,direct_jsr_from_9C6E
11,A14F,direct_jsr_from_80F3
11,A14F,direct_jsr_from_82C8
11,A14F,direct_jsr_from_84DE
11,A14F,direct_jsr_from_863B
11,A14F,direct_jsr_from_8776
11,A14F,direct_jsr_from_8913
11,A14F,direct_jsr_from_8AE9
11,A14F,direct_jsr_from_8C95
11,A14F,direct_jsr_from_8DF5
11,A14F,direct_jsr_from_91A4
11,A154,direct_jmp_from_A143
11,A157,direct_jsr_from_9E50
11,A157,direct_jsr_from_9E96
11,A157,direct_jsr_from_9F5B
11,A209,direct_jsr_from_817B
11,A209,direct_jsr_from_8221
11,A209,direct_jsr_from_8280
11,A209,direct_jsr_from_8509
11,A209,direct_jsr_from_8669
11,A209,direct_jsr_from_870E
11,A209,direct_jsr_from_87B6
11,A209,direct_jsr_from_8899
11,A209,direct_jsr_from_88CB
11,A209,direct_jsr_from_8A2F
11,A209,direct_jsr_from_8A35
11,A209,direct_jsr_from_8AB2
11,A209,direct_jsr_from_8B33
11,A209,direct_jsr_from_8BC1
11,A209,direct_jsr_from_8D0B
11,A209,direct_jsr_from_8DEC
11,A209,direct_jsr_from_9570
11,A209,direct_jsr_from_983F
11,A209,direct_jsr_from_9C9E
11,A209,direct_jsr_from_9F9A
11,A22D,direct_jsr_from_8160
11,A22D,direct_jsr_from_842C
11,A22D,direct_jsr_from_853D
11,A22D,direct_jsr_from_8593
11,A22D,direct_jsr_from_8627
11,A22D,direct_jsr_from_8DC4
11,A22D,direct_jsr_from_9251
11,A22D,direct_jsr_from_957B
11,A22D,direct_jsr_from_95E0
11,A22D,direct_jsr_from_9A70
11,A231,direct_jsr_from_845C
11,A231,direct_jsr_from_8F90
11,A231,direct_jsr_from_9002
11,A231,direct_jsr_from_958D
11,A249,direct_jmp_from_A32A
11,A249,direct_jmp_from_A342
11,A249,direct_jmp_from_A346
11,A249,direct_jsr_from_80E4
11,A249,direct_jsr_from_9E9F
11,A249,direct_jsr_from_9F64
11,A262,direct_jmp_from_A259
11,A2B8,direct_jmp_from_A2A7
11,A2D4,direct_jsr_from_848B
11,A2D4,direct_jsr_from_85EF
11,A2D4,direct_jsr_from_8792
11,A2D4,direct_jsr_from_880E
11,A2D4,direct_jsr_from_890B
11,A2D4,direct_jsr_from_8B0A
11,A2D4,direct_jsr_from_8CB1
11,A2D4,direct_jsr_from_8D95
11,A2D4,direct_jsr_from_A136
11,A302,direct_jmp_from_A2F2
11,A352,direct_jsr_from_81AC
11,A352,direct_jsr_from_8340
11,A352,direct_jsr_from_8515
11,A352,direct_jsr_from_8535
11,A352,direct_jsr_from_854A
11,A352,direct_jsr_from_86AC
11,A352,direct_jsr_from_8742
11,A352,direct_jsr_from_8865
11,A352,direct_jsr_from_8A64
11,A352,direct_jsr_from_8C20
11,A352,direct_jsr_from_8DCD
11,A352,direct_jsr_from_8F1F
11,A352,direct_jsr_from_8F56
11,A352,direct_jsr_from_8F67
11,A352,direct_jsr_from_9043
11,A352,direct_jsr_from_9275
11,A352,direct_jsr_from_94E1
11,A352,direct_jsr_from_959D
11,A352,direct_jsr_from_95EC
11,A352,direct_jsr_from_968F
11,A352,direct_jsr_from_9784
11,A352,direct_jsr_from_985B
11,A352,direct_jsr_from_98E7
11,A352,direct_jsr_from_99C9
11,A352,direct_jsr_from_9CAD
11,A359,direct_jsr_from_9C16
11,A359,direct_jsr_from_A008
11,A359,direct_jsr_from_A06D
11,A38C,direct_jsr_from_86CE
11,A38C,direct_jsr_from_887E
11,A38C,direct_jsr_from_8C32
11,A38C,direct_jsr_from_8DE1
11,A38C,direct_jsr_from_9060
11,A38C,direct_jsr_from_90D8
11,A3A3,direct_jsr_from_8A93
11,A439,direct_jmp_from_A3FE
11,A451,direct_jmp_from_8000
11,A451,direct_jsr_from_8F47
11,A52D,direct_jsr_from_8068
11,A52D,direct_jsr_from_A154
11,A59D,direct_jsr_from_9179
11,A59D,direct_jsr_from_9620
11,A59D,direct_jsr_from_9A35
11,A59D,direct_jsr_from_A146
11,A601,reviewed_indirect_from_A5FE
11,A65A,reviewed_indirect_from_A5FE
11,A68D,direct_jmp_from_A687
11,A6CC,direct_jmp_from_A6C4
11,A6CE,reviewed_indirect_from_A5FE
11,A725,reviewed_indirect_from_A5FE
11,A789,reviewed_indirect_from_A5FE
11,A7E0,reviewed_indirect_from_A5FE
11,A854,reviewed_indirect_from_A5FE
11,A8B6,reviewed_indirect_from_A5FE
11,A91B,direct_jmp_from_A618
11,A91B,direct_jmp_from_A660
11,A91B,direct_jmp_from_A693
11,A91B,direct_jmp_from_A6E0
11,A91B,direct_jmp_from_A737
11,A91B,direct_jmp_from_A79B
11,A91B,direct_jmp_from_A7F2
11,A91B,direct_jmp_from_A866
11,A91B,direct_jmp_from_A8C8
11,A91B,reviewed_indirect_from_A5FE
11,A929,direct_jsr_from_A61B
11,A929,direct_jsr_from_A696
11,A929,direct_jsr_from_A6E3
11,A929,direct_jsr_from_A73A
11,A929,direct_jsr_from_A79E
11,A929,direct_jsr_from_A7F5
11,A929,direct_jsr_from_A869
11,A929,direct_jsr_from_A8CB
11,C000,bank_switch_call_from_C354
11,C000,bank_switch_call_from_C54A
11,C000,bank_switch_call_from_C5B7
11,C000,bank_switch_call_from_C624
11,C000,bank_switch_call_from_C640
11,C000,bank_switch_call_from_C71F
11,C000,bank_switch_call_from_C816
11,C000,bank_switch_call_from_CC68
11,C000,contract_bank_switch_call_from_C19A
11,C000,contract_bank_switch_call_from_C4AF
11,C000,contract_bank_switch_call_from_C537
11,C000,contract_bank_switch_call_from_C70C
11,C000,contract_bank_switch_call_from_C96F
11,C000,contract_bank_switch_call_from_CA12
11,C000,contract_bank_switch_call_from_CB34
11,C000,contract_bank_switch_call_from_CB60
11,C000,contract_bank_switch_call_from_CBC7
11,C051,direct_jsr_from_813A
11,C051,direct_jsr_from_822F
11,C051,direct_jsr_from_82C5
11,C051,direct_jsr_from_836B
11,C051,direct_jsr_from_8996
11,C051,direct_jsr_from_8C19
11,C051,direct_jsr_from_8F76
11,C051,direct_jsr_from_9037
11,C051,direct_jsr_from_9229
11,C051,direct_jsr_from_9365
11,C051,direct_jsr_from_938C
11,C051,direct_jsr_from_9D32
11,C051,direct_jsr_from_9D4E
11,C051,direct_jsr_from_9E2C
11,C051,direct_jsr_from_9EFF
11,C051,direct_jsr_from_9F96
11,C051,direct_jsr_from_A05B
11,C051,direct_jsr_from_A060
11,C051,direct_jsr_from_A0A5
11,C051,direct_jsr_from_A0D9
11,C051,direct_jsr_from_A12A
11,C051,direct_jsr_from_A620
11,C051,direct_jsr_from_A651
11,C051,direct_jsr_from_A69B
11,C051,direct_jsr_from_A6BA
11,C051,direct_jsr_from_A6E8
11,C051,direct_jsr_from_A707
11,C051,direct_jsr_from_A73F
11,C051,direct_jsr_from_A75E
11,C051,direct_jsr_from_A7A3
11,C051,direct_jsr_from_A7D7
11,C051,direct_jsr_from_A7FA
11,C051,direct_jsr_from_A842
11,C051,direct_jsr_from_A86E
11,C051,direct_jsr_from_A8AD
11,C051,direct_jsr_from_A8D0
11,C051,direct_jsr_from_A90B
11,C051,direct_jsr_from_C10D
11,C051,direct_jsr_from_C112
11,C051,direct_jsr_from_D334
11,C10B,direct_jmp_from_A57F
11,C352,direct_jsr_from_C166
11,C352,direct_jsr_from_C185
11,C393,direct_jsr_from_C177
11,C3A8,direct_jsr_from_A056
11,C5F1,direct_jsr_from_8E25
11,C5F1,direct_jsr_from_93DF
11,C5F1,direct_jsr_from_9716
11,C5F1,direct_jsr_from_9D6E
11,C70C,direct_jsr_from_C5FD
11,C84E,direct_jsr_from_82B4
11,C84E,direct_jsr_from_8323
11,C84E,direct_jsr_from_8692
11,C84E,direct_jsr_from_87C1
11,C84E,direct_jsr_from_8A51
11,C84E,direct_jsr_from_8B4A
11,C84E,direct_jsr_from_98CD
11,C84E,direct_jsr_from_98DC
11,C84E,direct_jsr_from_99C2
11,C874,direct_jsr_from_81A5
11,C874,direct_jsr_from_87F0
11,C874,direct_jsr_from_8D40
11,C874,direct_jsr_from_9854
11,C874,direct_jsr_from_A3DC
11,C874,direct_jsr_from_A3EF
11,C874,direct_jsr_from_A417
11,C874,direct_jsr_from_A42A
11,C8EF,direct_jsr_from_92C1
11,C96B,direct_jsr_from_CA0E
11,CA0B,direct_jsr_from_9DBA
11,CB0C,direct_jsr_from_9D89
11,CBA2,direct_jsr_from_CC63
11,CC63,direct_jsr_from_A273
11,CC63,direct_jsr_from_A28C
11,CC63,direct_jsr_from_A304
11,D332,direct_jsr_from_A597
11,D3A8,direct_jsr_from_D341
11,D3E0,direct_jsr_from_9B41
11,D3E0,direct_jsr_from_9DE7
11,D3E0,direct_jsr_from_9DFD
11,D41C,direct_jmp_from_D407
11,D77C,direct_jsr_from_A359
11,DA43,direct_jsr_from_A353
12,8000,direct_jsr_from_C037
12,8000,direct_jsr_from_D0AA
12,8003,direct_jsr_from_C041
12,8003,direct_jsr_from_D0BA
12,806D,direct_jmp_from_80A3
12,8129,direct_jmp_from_8007
12,812D,direct_jmp_from_800E
12,813A,direct_jmp_from_801D
12,816C,direct_jsr_from_810B
12,816C,direct_jsr_from_8150
12,818C,direct_jmp_from_802C
12,81B2,direct_jsr_from_8097
12,81B2,direct_jsr_from_8103
12,81B2,direct_jsr_from_814D
12,8207,direct_jsr_from_809A
12,8207,direct_jsr_from_810E
12,8207,direct_jsr_from_8153
12,8211,direct_jsr_from_81A6
12,8219,direct_jsr_from_80B3
12,8219,direct_jsr_from_811C
12,8222,direct_jmp_from_8932
12,8222,direct_jsr_from_817E
12,8222,direct_jsr_from_8291
12,8222,direct_jsr_from_8682
12,8235,direct_jmp_from_8000
12,824C,direct_jmp_from_82B6
12,8286,direct_jmp_from_826B
12,8294,direct_jmp_from_8283
12,82EC,direct_jmp_from_86FB
12,832B,direct_jmp_from_8321
12,836C,direct_jmp_from_8344
12,8372,direct_jmp_from_8369
12,838F,direct_jmp_from_8385
12,838F,direct_jmp_from_858F
12,83C2,direct_jmp_from_83B5
12,83CB,direct_jmp_from_839D
12,83FE,direct_jmp_from_838C
12,83FE,direct_jmp_from_83F7
12,84A9,direct_jmp_from_842A
12,84A9,direct_jmp_from_8433
12,84A9,direct_jmp_from_8499
12,84A9,direct_jmp_from_84A0
12,84FD,direct_jmp_from_85BF
12,84FD,direct_jmp_from_879F
12,8516,direct_jmp_from_869D
12,8516,direct_jsr_from_854D
12,8516,direct_jsr_from_85BC
12,8516,direct_jsr_from_879C
12,8548,direct_jmp_from_85A5
12,8548,direct_jmp_from_874F
12,8556,direct_jsr_from_85C2
12,8556,direct_jsr_from_87C0
12,856D,direct_jsr_from_8263
12,8592,direct_jmp_from_8571
12,8592,direct_jmp_from_85D8
12,8592,direct_jmp_from_85E2
12,8592,direct_jmp_from_860C
12,8592,direct_jmp_from_8629
12,8592,direct_jmp_from_863D
12,8592,direct_jmp_from_8653
12,85C2,direct_jmp_from_8598
12,85D3,reviewed_indirect_from_856A
12,85DB,reviewed_indirect_from_856A
12,85E5,reviewed_indirect_from_856A
12,85F5,reviewed_indirect_from_856A
12,8608,direct_jmp_from_85F2
12,860F,reviewed_indirect_from_856A
12,8640,reviewed_indirect_from_856A
12,8656,reviewed_indirect_from_856A
12,86A0,direct_jsr_from_8592
12,86A0,direct_jsr_from_85A2
12,86A0,direct_jsr_from_85AC
12,86A0,direct_jsr_from_85D3
12,86A0,direct_jsr_from_85DB
12,86A0,direct_jsr_from_85E5
12,86A0,direct_jsr_from_85F5
12,86A0,direct_jsr_from_860F
12,86A0,direct_jsr_from_861B
12,86A0,direct_jsr_from_8620
12,86A0,direct_jsr_from_8644
12,86B4,direct_jsr_from_8280
12,86C3,direct_jsr_from_86B9
12,86D3,direct_jsr_from_86D0
12,8706,direct_jmp_from_87BD
12,8706,direct_jmp_from_87DE
12,8706,direct_jmp_from_87E8
12,8706,direct_jmp_from_8812
12,8706,direct_jmp_from_8841
12,8706,direct_jmp_from_885A
12,8706,direct_jmp_from_8877
12,8706,direct_jmp_from_88A6
12,8706,direct_jmp_from_88DE
12,8706,direct_jsr_from_8718
12,8734,direct_jmp_from_888A
12,877D,direct_jmp_from_8758
12,877D,direct_jmp_from_8763
12,87A2,direct_jmp_from_871C
12,87B5,direct_jmp_from_8723
12,87C0,direct_jmp_from_870D
12,87D7,reviewed_indirect_from_856A
12,87E1,reviewed_indirect_from_856A
12,87EB,reviewed_indirect_from_856A
12,87FB,reviewed_indirect_from_856A
12,880E,direct_jmp_from_87F8
12,8815,reviewed_indirect_from_856A
12,885D,reviewed_indirect_from_856A
12,887A,reviewed_indirect_from_856A
12,888D,reviewed_indirect_from_856A
12,88A9,direct_jsr_from_878F
12,88A9,direct_jsr_from_88A3
12,88BA,direct_jmp_from_88B5
12,88C7,reviewed_indirect_from_856A
12,88E1,direct_jsr_from_8696
12,88E1,direct_jsr_from_88DB
12,88FD,direct_jmp_from_8914
12,8917,reviewed_indirect_from_856A
12,8935,direct_jsr_from_8706
12,8935,direct_jsr_from_87D7
12,8935,direct_jsr_from_87E1
12,8935,direct_jsr_from_87EB
12,8935,direct_jsr_from_87FB
12,8935,direct_jsr_from_8815
12,8935,direct_jsr_from_8831
12,8935,direct_jsr_from_8835
12,8935,direct_jsr_from_885D
12,8935,direct_jsr_from_887A
12,8935,direct_jsr_from_888D
12,8935,direct_jsr_from_8895
12,8935,direct_jsr_from_88C7
12,8954,direct_jsr_from_8731
12,8954,direct_jsr_from_8887
12,C000,bank_switch_call_from_C54A
12,C000,bank_switch_call_from_C71F
12,C000,contract_bank_switch_call_from_C4AF
12,C000,contract_bank_switch_call_from_C537
12,C000,contract_bank_switch_call_from_CB60
12,C000,contract_bank_switch_call_from_D0C3
12,C000,contract_bank_switch_tail_from_C04E
13,8000,direct_jsr_from_C56A
13,8003,direct_jsr_from_C598
13,8006,direct_jsr_from_C076
13,8009,direct_jsr_from_C55C
13,800C,direct_jsr_from_C1C3
13,800F,direct_jsr_from_C26E
13,8012,direct_jsr_from_C24C
13,8015,direct_jmp_from_8000
13,80AB,direct_jmp_from_80C5
13,811D,direct_jmp_from_816D
13,81CD,direct_jmp_from_81EB
13,8200,direct_jmp_from_822F
13,829A,direct_jmp_from_80D6
13,829E,direct_jsr_from_806A
13,829E,direct_jsr_from_8127
13,829E,direct_jsr_from_8172
13,829E,direct_jsr_from_B7FB
13,82AB,direct_jsr_from_80BC
13,8312,direct_jsr_from_80BF
13,8358,direct_jsr_from_81E5
13,8358,direct_jsr_from_8229
13,8358,direct_jsr_from_823C
13,8358,direct_jsr_from_827C
13,8358,direct_jsr_from_8290
13,8358,direct_jsr_from_B841
13,8358,direct_jsr_from_B86F
13,8358,direct_jsr_from_B8D8
13,8358,direct_jsr_from_B8E9
13,83AC,direct_jsr_from_8399
13,83D5,direct_jsr_from_81E2
13,83D5,direct_jsr_from_8226
13,83D5,direct_jsr_from_8239
13,83D5,direct_jsr_from_8279
13,83D5,direct_jsr_from_828D
13,843C,direct_jsr_from_8026
13,843C,direct_jsr_from_B7D7
13,8465,direct_jsr_from_81B8
13,8465,direct_jsr_from_B810
13,8473,direct_jsr_from_806D
13,8473,direct_jsr_from_81AE
13,8473,direct_jsr_from_81DF
13,8473,direct_jsr_from_8223
13,8473,direct_jsr_from_8236
13,8473,direct_jsr_from_8276
13,8473,direct_jsr_from_828A
13,8473,direct_jsr_from_96CB
13,8473,direct_jsr_from_9740
13,8473,direct_jsr_from_9755
13,8473,direct_jsr_from_98BF
13,8473,direct_jsr_from_991B
13,8473,direct_jsr_from_9931
13,8473,direct_jsr_from_9942
13,8473,direct_jsr_from_99E5
13,8473,direct_jsr_from_9A63
13,8473,direct_jsr_from_9B7F
13,8473,direct_jsr_from_9F4C
13,8473,direct_jsr_from_9FE6
13,8473,direct_jsr_from_A35A
13,8473,direct_jsr_from_A480
13,8473,direct_jsr_from_A4DD
13,8473,direct_jsr_from_A6F7
13,8473,direct_jsr_from_A9C5
13,8473,direct_jsr_from_B227
13,8473,direct_jsr_from_B2EA
13,8473,direct_jsr_from_B738
13,8473,direct_jsr_from_B800
13,8473,direct_jsr_from_B8F9
13,8473,direct_jsr_from_BC75
13,8473,direct_jsr_from_BCD3
13,847E,direct_jsr_from_8023
13,847E,direct_jsr_from_968B
13,847E,direct_jsr_from_9EFA
13,847E,direct_jsr_from_B13D
13,847E,direct_jsr_from_B6F1
13,847E,direct_jsr_from_BB0F
13,90EC,direct_jmp_from_8003
13,91EF,direct_jmp_from_927E
13,9274,direct_jmp_from_928B
13,9281,direct_jmp_from_9211
13,9298,direct_jmp_from_92B3
13,9396,direct_jsr_from_9278
13,9396,direct_jsr_from_92AD
13,94DD,direct_jmp_from_9472
13,9507,direct_jmp_from_94F6
13,9529,direct_jsr_from_9436
13,9529,direct_jsr_from_9495
13,952B,direct_jsr_from_9422
13,954D,direct_jmp_from_9546
13,9678,direct_jmp_from_8006
13,9715,direct_jmp_from_9752
13,9820,direct_jmp_from_98EB
13,98F3,direct_jmp_from_992E
13,9945,direct_jmp_from_96D7
13,9981,direct_jmp_from_99A4
13,99C6,direct_jsr_from_973D
13,99C6,direct_jsr_from_9768
13,99C6,direct_jsr_from_97A7
13,99C6,direct_jsr_from_97D6
13,99C6,direct_jsr_from_97F8
13,99C6,direct_jsr_from_98D4
13,99E5,direct_jsr_from_97AA
13,99E5,direct_jsr_from_97D9
13,99E5,direct_jsr_from_97FB
13,99F9,direct_jsr_from_98DC
13,99F9,direct_jsr_from_9925
13,9A1D,direct_jsr_from_98DF
13,9A1D,direct_jsr_from_9928
13,9A1D,direct_jsr_from_9934
13,9A1D,direct_jsr_from_9B38
13,9A63,direct_jsr_from_9977
13,9A63,direct_jsr_from_999E
13,9A63,direct_jsr_from_99AF
13,9AC8,direct_jsr_from_9747
13,9AC8,direct_jsr_from_974C
13,9AC8,direct_jsr_from_975C
13,9AC8,direct_jsr_from_9761
13,9AC8,direct_jsr_from_976F
13,9AC8,direct_jsr_from_9774
13,9AC8,direct_jsr_from_98C6
13,9AC8,direct_jsr_from_98D9
13,9AC8,direct_jsr_from_9922
13,9AC8,direct_jsr_from_99EE
13,9B27,direct_jsr_from_96D4
13,9B43,direct_jmp_from_9B64
13,9EE7,direct_jmp_from_8009
13,A1E0,direct_jmp_from_A87B
13,A24E,direct_jmp_from_A274
13,A277,direct_jmp_from_A29F
13,A311,direct_jmp_from_A4AA
13,A319,direct_jmp_from_A34D
13,A389,direct_jmp_from_A412
13,A3D4,direct_jmp_from_A3BC
13,A3D4,direct_jmp_from_A3C2
13,A3D4,direct_jmp_from_A3CE
13,A3DE,direct_jmp_from_A3D7
13,A4AD,direct_jmp_from_A465
13,A519,direct_jmp_from_A354
13,A51D,direct_jsr_from_809A
13,A51D,direct_jsr_from_96DF
13,A51D,direct_jsr_from_9B35
13,A51D,direct_jsr_from_9F4F
13,A51D,direct_jsr_from_9FE9
13,A51D,direct_jsr_from_A870
13,A51D,direct_jsr_from_A9C8
13,A51D,direct_jsr_from_B73B
13,A51D,direct_jsr_from_B80D
13,A52D,direct_jsr_from_829A
13,A52D,direct_jsr_from_99B9
13,A52D,direct_jsr_from_9F84
13,A52D,direct_jsr_from_A2B0
13,A52D,direct_jsr_from_A519
13,A52D,direct_jsr_from_A7B0
13,A52D,direct_jsr_from_B1D5
13,A52D,direct_jsr_from_B7D4
13,A52D,direct_jsr_from_B8F5
13,A52D,direct_jsr_from_BC5E
13,A53C,direct_jsr_from_9FA7
13,A53C,direct_jsr_from_9FD3
13,A53C,direct_jsr_from_A88E
13,A553,direct_jsr_from_A089
13,A553,direct_jsr_from_A0A2
13,A57C,direct_jsr_from_A0F8
13,A5F5,direct_jsr_from_A16A
13,A5F5,direct_jsr_from_A190
13,A5F5,direct_jsr_from_A1C5
13,A5F5,direct_jsr_from_A1F8
13,A61B,direct_jsr_from_A0FB
13,A61B,direct_jsr_from_A128
13,A61B,direct_jsr_from_A160
13,A6D3,direct_jsr_from_A675
13,A6D3,direct_jsr_from_A699
13,A6F7,direct_jsr_from_A069
13,A6F7,direct_jsr_from_A0FE
13,A6F7,direct_jsr_from_A12B
13,A6F7,direct_jsr_from_A167
13,A6F7,direct_jsr_from_A193
13,A6F7,direct_jsr_from_A1C8
13,A6F7,direct_jsr_from_A1F5
13,A6F7,direct_jsr_from_A26B
13,A6F7,direct_jsr_from_A296
13,A6F7,direct_jsr_from_A2A2
13,A75F,direct_jsr_from_A16D
13,A75F,direct_jsr_from_A196
13,A75F,direct_jsr_from_A1CB
13,A75F,direct_jsr_from_A1FB
13,A75F,direct_jsr_from_A26E
13,A75F,direct_jsr_from_A299
13,A7B0,direct_jmp_from_9F75
13,A7B0,direct_jmp_from_A075
13,A7B0,direct_jmp_from_A09F
13,A7B0,direct_jmp_from_A0D4
13,A7B0,direct_jmp_from_A10A
13,A7B0,direct_jmp_from_A137
13,A7B0,direct_jmp_from_A179
13,A87E,direct_jsr_from_A2D7
13,A87E,direct_jsr_from_A2E2
13,A87E,direct_jsr_from_B115
13,A87E,direct_jsr_from_B11E
13,A87E,direct_jsr_from_B707
13,A87E,direct_jsr_from_B712
13,A87E,direct_jsr_from_BAF9
13,A87E,direct_jsr_from_BB04
13,A898,direct_jsr_from_A357
13,A898,direct_jsr_from_A47D
13,A898,direct_jsr_from_A494
13,A898,direct_jsr_from_A4DA
13,A898,direct_jsr_from_B15F
13,A898,direct_jsr_from_B224
13,A898,direct_jsr_from_B2E7
13,A89C,direct_jmp_from_A8AC
13,A8B0,direct_jsr_from_A8A2
13,A8BF,direct_jsr_from_A8B4
13,A8BF,direct_jsr_from_A8BB
13,A8D4,direct_jsr_from_A378
13,A8D4,direct_jsr_from_A486
13,A8D4,direct_jsr_from_A4A7
13,A8D4,direct_jsr_from_A50B
13,A8D4,direct_jsr_from_B175
13,A8D4,direct_jsr_from_B2C9
13,A8D8,direct_jmp_from_A8E8
13,A8EC,direct_jsr_from_A8DE
13,A8FF,direct_jsr_from_A8F2
13,A8FF,direct_jsr_from_A8FB
13,A8FF,direct_jsr_from_B764
13,A8FF,direct_jsr_from_B7B2
13,A8FF,direct_jsr_from_BB38
13,A91D,direct_jmp_from_A90D
13,A927,direct_jsr_from_A40C
13,A927,direct_jsr_from_A415
13,A927,direct_jsr_from_B26F
13,A98B,direct_jsr_from_A46A
13,A98B,direct_jsr_from_A47A
13,A98B,direct_jsr_from_A499
13,A98B,direct_jsr_from_A4A1
13,A98B,direct_jsr_from_B153
13,A98B,direct_jsr_from_B2C6
13,A98B,direct_jsr_from_BBBB
13,A98B,direct_jsr_from_BBC3
13,A9B2,direct_jsr_from_A30E
13,A9B2,direct_jsr_from_B142
13,A9B2,direct_jsr_from_BB14
13,A9CC,direct_jmp_from_A9E6
13,A9CC,direct_jsr_from_A35D
13,A9CC,direct_jsr_from_A4E0
13,A9CC,direct_jsr_from_B162
13,A9CC,direct_jsr_from_B22A
13,A9EA,direct_jsr_from_A4CC
13,A9EA,direct_jsr_from_B16D
13,AA09,direct_jmp_from_AA21
13,AA09,direct_jsr_from_A483
13,AA09,direct_jsr_from_B2ED
13,AA25,direct_jsr_from_A375
13,AA25,direct_jsr_from_B26C
13,B101,direct_jmp_from_800C
13,B175,direct_jmp_from_B1D2
13,B17C,direct_jmp_from_B1C3
13,B1D5,direct_jmp_from_B1CC
13,B224,direct_jsr_from_B1CF
13,B224,direct_jsr_from_BC1D
13,B6F1,direct_jmp_from_800F
13,B756,direct_jmp_from_B771
13,B7A1,direct_jmp_from_B798
13,B86C,direct_jmp_from_B898
13,B8F9,direct_jsr_from_B76B
13,B8F9,direct_jsr_from_B7B5
13,B9E0,direct_jsr_from_B79B
13,B9FF,direct_jsr_from_B79E
13,BA24,direct_jsr_from_B852
13,BA24,direct_jsr_from_B8A7
13,BA24,direct_jsr_from_B8B6
13,BAE0,direct_jmp_from_8012
13,BB2C,direct_jmp_from_BB42
13,BBC9,direct_jmp_from_BC5B
13,BBDD,direct_jmp_from_BC08
13,BC27,direct_jmp_from_BC58
13,BC4E,direct_jmp_from_BC3E
13,BC5E,direct_jmp_from_BC0F
13,BC62,direct_jsr_from_BBB6
13,BD22,direct_jsr_from_BB48
13,BD22,direct_jsr_from_BB5E
13,BD22,direct_jsr_from_BDEF
13,BD22,direct_jsr_from_BE05
13,BD34,direct_jsr_from_BB45
13,BD34,direct_jsr_from_BB4B
13,BD34,direct_jsr_from_BB5B
13,BD34,direct_jsr_from_BD7C
13,BD34,direct_jsr_from_BDEC
13,BD34,direct_jsr_from_BDF2
13,BD34,direct_jsr_from_BE02
13,BD3E,direct_jsr_from_BB6C
13,BD3E,direct_jsr_from_BB71
13,BD3E,direct_jsr_from_BB76
13,BD3E,direct_jsr_from_BB81
13,BD3E,direct_jsr_from_BC9D
13,BD3E,direct_jsr_from_BCA2
13,BD3E,direct_jsr_from_BCBB
13,BD3E,direct_jsr_from_BCC0
13,BD3E,direct_jsr_from_BCC5
13,BD3E,direct_jsr_from_BCCA
13,BD3E,direct_jsr_from_BCE3
13,BD3E,direct_jsr_from_BCE8
13,BD3E,direct_jsr_from_BCF3
13,BDAB,direct_jsr_from_BCA5
13,BDAB,direct_jsr_from_BCCD
13,BDB7,direct_jsr_from_BC78
13,BDB7,direct_jsr_from_BCA8
13,BDB7,direct_jsr_from_BCD0
13,BDEC,direct_jsr_from_BCDE
13,C000,bank_switch_call_from_C07B
13,C000,bank_switch_call_from_C0D3
13,C000,bank_switch_call_from_C1C8
13,C000,bank_switch_call_from_C251
13,C000,bank_switch_call_from_C54A
13,C000,bank_switch_call_from_C561
13,C000,bank_switch_call_from_C56F
13,C000,bank_switch_call_from_C5A5
13,C000,bank_switch_call_from_C628
13,C000,bank_switch_call_from_C71F
13,C000,bank_switch_call_from_C725
13,C000,bank_switch_call_from_C749
13,C000,bank_switch_call_from_D62B
13,C000,bank_switch_call_from_D639
13,C000,bank_switch_call_from_D644
13,C000,bank_switch_call_from_D64F
13,C000,bank_switch_call_from_F2DD
13,C000,contract_bank_switch_call_from_C4AF
13,C000,contract_bank_switch_call_from_C537
13,C000,contract_bank_switch_call_from_C66A
13,C000,contract_bank_switch_call_from_C70C
13,C000,contract_bank_switch_call_from_C78D
13,C000,contract_bank_switch_call_from_C96F
13,C000,contract_bank_switch_call_from_CA12
13,C000,contract_bank_switch_call_from_CB60
13,C051,direct_jsr_from_809F
13,C051,direct_jsr_from_80B9
13,C051,direct_jsr_from_80E7
13,C051,direct_jsr_from_81AB
13,C051,direct_jsr_from_923F
13,C051,direct_jsr_from_92AA
13,C051,direct_jsr_from_938F
13,C051,direct_jsr_from_96DC
13,C051,direct_jsr_from_9807
13,C051,direct_jsr_from_98BC
13,C051,direct_jsr_from_9989
13,C051,direct_jsr_from_9B69
13,C051,direct_jsr_from_9F54
13,C051,direct_jsr_from_9F59
13,C051,direct_jsr_from_A07A
13,C051,direct_jsr_from_A1E2
13,C051,direct_jsr_from_A226
13,C051,direct_jsr_from_A247
13,C051,direct_jsr_from_A25C
13,C051,direct_jsr_from_A309
13,C051,direct_jsr_from_A341
13,C051,direct_jsr_from_A3A9
13,C051,direct_jsr_from_A3F4
13,C051,direct_jsr_from_B13A
13,C051,direct_jsr_from_B172
13,C051,direct_jsr_from_B188
13,C051,direct_jsr_from_B2E4
13,C051,direct_jsr_from_B735
13,C051,direct_jsr_from_B74B
13,C051,direct_jsr_from_B80A
13,C051,direct_jsr_from_B895
13,C051,direct_jsr_from_BB0C
13,C051,direct_jsr_from_BBFC
13,C05D,direct_jsr_from_9688
13,C05D,direct_jsr_from_99C2
13,C05D,direct_jsr_from_9EF7
13,C05D,direct_jsr_from_A2B9
13,C0AB,direct_jsr_from_80A8
13,C0AB,direct_jsr_from_80C2
13,C0AB,direct_jsr_from_816A
13,C0AB,direct_jsr_from_81B1
13,C0AB,direct_jsr_from_81E8
13,C0AB,direct_jsr_from_822C
13,C0AB,direct_jsr_from_823F
13,C0AB,direct_jsr_from_827F
13,C0AB,direct_jsr_from_8293
13,C0AB,direct_jsr_from_91C7
13,C0AB,direct_jsr_from_927B
13,C0AB,direct_jsr_from_92B0
13,C0AB,direct_jsr_from_931E
13,C0AB,direct_jsr_from_9334
13,C0AB,direct_jsr_from_974F
13,C0AB,direct_jsr_from_9777
13,C0AB,direct_jsr_from_97AD
13,C0AB,direct_jsr_from_97DC
13,C0AB,direct_jsr_from_97FE
13,C0AB,direct_jsr_from_98E2
13,C0AB,direct_jsr_from_992B
13,C0AB,direct_jsr_from_993B
13,C0AB,direct_jsr_from_9961
13,C0AB,direct_jsr_from_997A
13,C0AB,direct_jsr_from_99A1
13,C0AB,direct_jsr_from_99B2
13,C0AB,direct_jsr_from_9B61
13,C0AB,direct_jsr_from_9B74
13,C0AB,direct_jsr_from_9F6C
13,C0AB,direct_jsr_from_A06C
13,C0AB,direct_jsr_from_A096
13,C0AB,direct_jsr_from_A0CB
13,C0AB,direct_jsr_from_A101
13,C0AB,direct_jsr_from_A12E
13,C0AB,direct_jsr_from_A170
13,C0AB,direct_jsr_from_A19C
13,C0AB,direct_jsr_from_A1CE
13,C0AB,direct_jsr_from_A231
13,C0AB,direct_jsr_from_A271
13,C0AB,direct_jsr_from_A29C
13,C0AB,direct_jsr_from_A2A9
13,C0AB,direct_jsr_from_A34A
13,C0AB,direct_jsr_from_A40F
13,C0AB,direct_jsr_from_A471
13,C0AB,direct_jsr_from_A48D
13,C0AB,direct_jsr_from_A49C
13,C0AB,direct_jsr_from_A4A4
13,C0AB,direct_jsr_from_A4D3
13,C0AB,direct_jsr_from_A512
13,C0AB,direct_jsr_from_A8A9
13,C0AB,direct_jsr_from_A8E5
13,C0AB,direct_jsr_from_A9DD
13,C0AB,direct_jsr_from_A9E0
13,C0AB,direct_jsr_from_A9E3
13,C0AB,direct_jsr_from_A9FF
13,C0AB,direct_jsr_from_AA18
13,C0AB,direct_jsr_from_AA1B
13,C0AB,direct_jsr_from_AA1E
13,C0AB,direct_jsr_from_B158
13,C0AB,direct_jsr_from_B1C0
13,C0AB,direct_jsr_from_B2D9
13,C0AB,direct_jsr_from_B742
13,C0AB,direct_jsr_from_B76E
13,C0AB,direct_jsr_from_B7B8
13,C0AB,direct_jsr_from_B844
13,C0AB,direct_jsr_from_B872
13,C0AB,direct_jsr_from_B8DB
13,C0AB,direct_jsr_from_B8EC
13,C0AB,direct_jsr_from_BA2F
13,C0AB,direct_jsr_from_BB3F
13,C0AB,direct_jsr_from_BB67
13,C0AB,direct_jsr_from_BBA8
13,C0AB,direct_jsr_from_BBBE
13,C0AB,direct_jsr_from_BBC6
13,C0AB,direct_jsr_from_BC05
13,C0AB,direct_jsr_from_BC55
13,C0AB,direct_jsr_from_BC8C
13,C0AB,direct_jsr_from_BD1A
13,C0AB,direct_jsr_from_BD34
13,C0AB,direct_jsr_from_BDA7
13,C0AB,direct_jsr_from_BDAF
13,C0AB,direct_jsr_from_BDE4
13,C0AB,direct_jsr_from_BE0E
13,C427,direct_jsr_from_C0B3
13,C628,direct_jsr_from_8451
13,C628,direct_jsr_from_96BD
13,C644,direct_jsr_from_843E
13,C644,direct_jsr_from_9690
13,C644,direct_jsr_from_9F03
13,C644,direct_jsr_from_A2C8
13,C644,direct_jsr_from_B103
13,C644,direct_jsr_from_B6F8
13,C644,direct_jsr_from_B7DC
13,C644,direct_jsr_from_BAE2
13,C644,direct_jsr_from_BAE7
13,C70C,direct_jsr_from_814C
13,C723,direct_jsr_from_81A2
13,C747,direct_jsr_from_A199
13,C747,direct_jsr_from_A7C7
13,C760,direct_jsr_from_91C4
13,C760,direct_jsr_from_91D7
13,C760,direct_jsr_from_931B
13,C760,direct_jsr_from_932E
13,C783,direct_jmp_from_C77C
13,C84E,direct_jsr_from_94AE
13,C8B1,direct_jsr_from_9199
13,C96B,direct_jsr_from_CA0E
13,CA0B,direct_jsr_from_92FC
13,CA0B,direct_jsr_from_9F9D
13,CA0B,direct_jsr_from_9FA4
13,CA0B,direct_jsr_from_9FBE
13,CA0B,direct_jsr_from_A884
13,CA0B,direct_jsr_from_A88B
13,CA0B,direct_jsr_from_A9F8
13,CC6C,direct_jsr_from_90EC
13,CC6C,direct_jsr_from_92CB
13,CC6C,direct_jsr_from_9396
13,D0D7,direct_jsr_from_C0BE
13,D11B,direct_jsr_from_A544
13,D181,direct_jmp_from_D11D
13,D1DF,direct_jsr_from_A7CA
13,D2ED,direct_jsr_from_9331
13,D2EF,direct_jsr_from_90F1
13,D624,direct_jsr_from_B95F
13,D624,direct_jsr_from_BB25
13,D624,direct_jsr_from_BC20
13,D624,direct_jsr_from_BC98
13,D624,direct_jsr_from_BCDB
13,D627,direct_jsr_from_B91A
13,D627,direct_jsr_from_B95B
13,D637,direct_jsr_from_B86C
13,D642,direct_jsr_from_B8D2
13,D64D,direct_jsr_from_B8D5
13,F2D1,direct_jmp_from_C273
14,8000,direct_jmp_from_F2E0
14,8072,direct_jmp_from_C1D2
14,8076,direct_jmp_from_C25A
14,8079,direct_jmp_from_C276
14,8088,direct_jmp_from_C1CF
14,80AB,direct_jmp_from_C1D5
14,8171,direct_jmp_from_81B3
14,81DE,direct_jsr_from_8223
14,81DE,direct_jsr_from_847D
14,8223,direct_jmp_from_816E
14,8226,direct_jmp_from_8265
14,8278,direct_jsr_from_819A
14,8278,direct_jsr_from_824C
14,82C8,direct_jmp_from_8295
14,82C8,direct_jmp_from_82B8
14,82D5,direct_jsr_from_8175
14,82D5,direct_jsr_from_822A
14,82EC,reviewed_indirect_from_82E9
14,82F0,reviewed_indirect_from_82E9
14,82FF,direct_jmp_from_8320
14,8327,reviewed_indirect_from_82E9
14,832B,reviewed_indirect_from_82E9
14,833F,direct_jmp_from_835E
14,8361,direct_jmp_from_8323
14,836F,reviewed_indirect_from_82E9
14,837D,reviewed_indirect_from_82E9
14,838B,reviewed_indirect_from_82E9
14,83DF,direct_jsr_from_838B
14,83DF,direct_jsr_from_8423
14,83DF,direct_jsr_from_84A3
14,83EE,direct_jmp_from_83FB
14,8407,direct_jsr_from_83C5
14,8407,direct_jsr_from_8475
14,8407,direct_jsr_from_84D0
14,8416,direct_jsr_from_839C
14,8416,direct_jsr_from_843B
14,8416,direct_jsr_from_84BE
14,8423,reviewed_indirect_from_82E9
14,8481,direct_jsr_from_83AD
14,8481,direct_jsr_from_845D
14,84A3,reviewed_indirect_from_82E9
14,84EE,direct_jsr_from_8184
14,84EE,direct_jsr_from_8239
14,84EE,direct_jsr_from_C81F
14,8508,reviewed_indirect_from_8505
14,8545,reviewed_indirect_from_8505
14,8546,reviewed_indirect_from_8505
14,8569,reviewed_indirect_from_8505
14,858E,direct_jmp_from_85D0
14,858E,direct_jmp_from_85F8
14,858E,direct_jmp_from_8685
14,858E,direct_jmp_from_86B9
14,85A6,reviewed_indirect_from_8505
14,85D3,reviewed_indirect_from_8505
14,85E6,direct_jmp_from_869F
14,85FB,reviewed_indirect_from_8505
14,8642,direct_jmp_from_861B
14,868C,reviewed_indirect_from_8505
14,86BC,direct_jmp_from_87EF
14,86BC,reviewed_indirect_from_8505
14,86CD,direct_jmp_from_8770
14,874D,direct_jmp_from_86FB
14,875F,direct_jmp_from_86D3
14,875F,direct_jmp_from_8773
14,8768,direct_jmp_from_86C6
14,8776,reviewed_indirect_from_8505
14,879B,direct_jsr_from_8569
14,879B,direct_jsr_from_85A6
14,879B,direct_jsr_from_85D3
14,879B,direct_jsr_from_85FB
14,879B,direct_jsr_from_868C
14,87E2,direct_jmp_from_87D5
14,87F2,direct_jsr_from_8576
14,87F2,direct_jsr_from_85A9
14,87F2,direct_jsr_from_85D6
14,87F2,direct_jsr_from_863C
14,87F2,direct_jsr_from_868F
14,87F2,direct_jsr_from_8768
14,880D,direct_jsr_from_8579
14,880D,direct_jsr_from_85AC
14,880D,direct_jsr_from_85D9
14,880D,direct_jsr_from_863F
14,880D,direct_jsr_from_8692
14,889E,direct_jmp_from_887D
14,889E,direct_jsr_from_8618
14,8922,direct_jsr_from_854F
14,8922,direct_jsr_from_857C
14,8922,direct_jsr_from_85AF
14,8922,direct_jsr_from_85DC
14,8922,direct_jsr_from_8642
14,8922,direct_jsr_from_8695
14,8A12,direct_jmp_from_8947
14,8A19,direct_jmp_from_89A8
14,8A19,direct_jmp_from_89B3
14,8A20,direct_jsr_from_8974
14,8A20,direct_jsr_from_89E0
14,8A84,direct_jsr_from_8739
14,8A84,direct_jsr_from_8A15
14,8A84,direct_jsr_from_8A1C
14,8B68,direct_jmp_from_8B5C
14,8B83,direct_jsr_from_8552
14,8B83,direct_jsr_from_857F
14,8B83,direct_jsr_from_85B2
14,8B83,direct_jsr_from_85DF
14,8B83,direct_jsr_from_864A
14,8B83,direct_jsr_from_866D
14,8B83,direct_jsr_from_8698
14,8B83,direct_jsr_from_8740
14,8BFE,direct_jmp_from_8C62
14,8C6A,direct_jsr_from_8BE5
14,8C6A,direct_jsr_from_8C36
14,8CF4,direct_jsr_from_8C39
14,8D10,direct_jmp_from_8DF2
14,8DF5,direct_jsr_from_87D2
14,8DF5,direct_jsr_from_8A12
14,8E65,direct_jsr_from_87DF
14,8E65,direct_jsr_from_8A19
14,8EDD,direct_jsr_from_8292
14,8F39,direct_jsr_from_82A9
14,907D,direct_jsr_from_80F5
14,907D,direct_jsr_from_80FD
14,907D,direct_jsr_from_8440
14,907D,direct_jsr_from_84A8
14,907D,direct_jsr_from_84C3
14,907D,direct_jsr_from_8EF9
14,907D,direct_jsr_from_8F2A
14,907D,direct_jsr_from_8F41
14,907D,direct_jsr_from_8FA4
14,90B4,direct_jmp_from_90AC
14,90C9,direct_jsr_from_8F03
14,90C9,direct_jsr_from_8F97
14,9115,direct_jsr_from_90D2
14,9115,direct_jsr_from_C553
14,9185,direct_jmp_from_90CF
14,91FA,direct_jsr_from_9101
14,91FA,direct_jsr_from_91B8
14,9220,direct_jsr_from_8162
14,9220,direct_jsr_from_83EB
14,9220,direct_jsr_from_8EDD
14,9220,direct_jsr_from_8F39
14,925B,direct_jsr_from_8190
14,925B,direct_jsr_from_8242
14,925B,direct_jsr_from_C369
14,925B,direct_jsr_from_C82B
14,948D,reviewed_indirect_from_9296
14,948D,reviewed_indirect_from_92D5
14,9501,direct_jmp_from_94BC
14,9523,reviewed_indirect_from_9296
14,9523,reviewed_indirect_from_92D5
14,9555,reviewed_indirect_from_9296
14,9555,reviewed_indirect_from_92D5
14,95B5,direct_jsr_from_955C
14,95B5,direct_jsr_from_967C
14,95B5,direct_jsr_from_A3F4
14,95B5,direct_jsr_from_ABAB
14,95B5,direct_jsr_from_B101
14,95D7,reviewed_indirect_from_9296
14,95D7,reviewed_indirect_from_92D5
14,964E,reviewed_indirect_from_9296
14,964E,reviewed_indirect_from_92D5
14,9652,direct_jmp_from_9773
14,9652,direct_jmp_from_A482
14,9652,direct_jmp_from_AC93
14,9652,direct_jmp_from_B20F
14,9671,reviewed_indirect_from_9296
14,9671,reviewed_indirect_from_92D5
14,9675,reviewed_indirect_from_9296
14,9675,reviewed_indirect_from_92D5
14,96CF,direct_jsr_from_9579
14,96CF,direct_jsr_from_9699
14,96CF,direct_jsr_from_983C
14,96CF,direct_jsr_from_A411
14,96CF,direct_jsr_from_A490
14,96CF,direct_jsr_from_A4DA
14,96CF,direct_jsr_from_A718
14,96CF,direct_jsr_from_ABCD
14,96CF,direct_jsr_from_ABD8
14,96CF,direct_jsr_from_AEB1
14,96CF,direct_jsr_from_B123
14,96CF,direct_jsr_from_B128
14,96CF,direct_jsr_from_B4A6
14,96CF,direct_jsr_from_EE94
14,96E5,reviewed_indirect_from_9296
14,96E5,reviewed_indirect_from_92D5
14,976F,reviewed_indirect_from_9296
14,976F,reviewed_indirect_from_92D5
14,9776,reviewed_indirect_from_9296
14,9776,reviewed_indirect_from_92D5
14,97F7,direct_jmp_from_97E7
14,982B,reviewed_indirect_from_9296
14,982B,reviewed_indirect_from_92D5
14,982F,reviewed_indirect_from_9296
14,982F,reviewed_indirect_from_92D5
14,9882,direct_jsr_from_984B
14,988F,reviewed_indirect_from_9296
14,988F,reviewed_indirect_from_92D5
14,98E3,reviewed_indirect_from_9296
14,98E3,reviewed_indirect_from_92D5
14,998D,direct_jsr_from_95AD
14,998D,direct_jsr_from_98F6
14,998D,direct_jsr_from_9960
14,998D,direct_jsr_from_9977
14,998D,direct_jsr_from_9A67
14,99A5,direct_jsr_from_9981
14,9A43,reviewed_indirect_from_9296
14,9A43,reviewed_indirect_from_92D5
14,9A65,reviewed_indirect_from_9296
14,9A65,reviewed_indirect_from_92D5
14,9A73,reviewed_indirect_from_9296
14,9A73,reviewed_indirect_from_92D5
14,9AB0,direct_jmp_from_9AA5
14,9AF6,direct_jmp_from_9AF0
14,9C5B,reviewed_indirect_from_9296
14,9C5B,reviewed_indirect_from_92D5
14,9C7F,direct_jmp_from_9C71
14,9C90,reviewed_indirect_from_9296
14,9C90,reviewed_indirect_from_92D5
14,9DCE,reviewed_indirect_from_9296
14,9DCE,reviewed_indirect_from_92D5
14,9E81,reviewed_indirect_from_9296
14,9E81,reviewed_indirect_from_92D5
14,9F22,reviewed_indirect_from_9296
14,9F22,reviewed_indirect_from_92D5
14,9FD1,reviewed_indirect_from_9296
14,9FD1,reviewed_indirect_from_92D5
14,A06B,direct_jmp_from_9FD8
14,A104,direct_jmp_from_A078
14,A136,reviewed_indirect_from_9296
14,A136,reviewed_indirect_from_92D5
14,A154,reviewed_indirect_from_9296
14,A154,reviewed_indirect_from_92D5
14,A169,reviewed_indirect_from_9296
14,A169,reviewed_indirect_from_92D5
14,A2F4,reviewed_indirect_from_9296
14,A2F4,reviewed_indirect_from_92D5
14,A3E9,direct_jmp_from_A336
14,A3E9,direct_jmp_from_A341
14,A3ED,reviewed_indirect_from_9296
14,A3ED,reviewed_indirect_from_92D5
14,A446,reviewed_indirect_from_9296
14,A446,reviewed_indirect_from_92D5
14,A47E,reviewed_indirect_from_9296
14,A47E,reviewed_indirect_from_92D5
14,A485,reviewed_indirect_from_9296
14,A485,reviewed_indirect_from_92D5
14,A4A6,direct_jmp_from_AFE7
14,A4A6,reviewed_indirect_from_9296
14,A4A6,reviewed_indirect_from_92D5
14,A4C2,reviewed_indirect_from_9296
14,A4C2,reviewed_indirect_from_92D5
14,A541,direct_jmp_from_A4E9
14,A55A,reviewed_indirect_from_9296
14,A55A,reviewed_indirect_from_92D5
14,A577,direct_jmp_from_A5C2
14,A577,direct_jmp_from_A5D3
14,A5AB,reviewed_indirect_from_9296
14,A5AB,reviewed_indirect_from_92D5
14,A5B8,reviewed_indirect_from_9296
14,A5B8,reviewed_indirect_from_92D5
14,A5C5,reviewed_indirect_from_9296
14,A5C5,reviewed_indirect_from_92D5
14,A62A,reviewed_indirect_from_9296
14,A62A,reviewed_indirect_from_92D5
14,A6F1,reviewed_indirect_from_9296
14,A6F1,reviewed_indirect_from_92D5
14,A70D,reviewed_indirect_from_9296
14,A70D,reviewed_indirect_from_92D5
14,A72E,reviewed_indirect_from_9296
14,A72E,reviewed_indirect_from_92D5
14,A7D3,reviewed_indirect_from_9296
14,A7D3,reviewed_indirect_from_92D5
14,A7D7,reviewed_indirect_from_9296
14,A7D7,reviewed_indirect_from_92D5
14,A7F2,reviewed_indirect_from_9296
14,A7F2,reviewed_indirect_from_92D5
14,A877,direct_jmp_from_A902
14,A8EA,reviewed_indirect_from_9296
14,A8EA,reviewed_indirect_from_92D5
14,A9C3,reviewed_indirect_from_9296
14,A9C3,reviewed_indirect_from_92D5
14,A9EC,reviewed_indirect_from_9296
14,A9EC,reviewed_indirect_from_92D5
14,AA4E,reviewed_indirect_from_9296
14,AA4E,reviewed_indirect_from_92D5
14,AB30,direct_jmp_from_AA9E
14,AB44,direct_jmp_from_AA54
14,AB89,reviewed_indirect_from_9296
14,AB89,reviewed_indirect_from_92D5
14,ABA4,reviewed_indirect_from_9296
14,ABA4,reviewed_indirect_from_92D5
14,AC12,reviewed_indirect_from_9296
14,AC12,reviewed_indirect_from_92D5
14,AC8F,reviewed_indirect_from_9296
14,AC8F,reviewed_indirect_from_92D5
14,AC96,reviewed_indirect_from_9296
14,AC96,reviewed_indirect_from_92D5
14,AD30,reviewed_indirect_from_9296
14,AD30,reviewed_indirect_from_92D5
14,AD4C,reviewed_indirect_from_9296
14,AD4C,reviewed_indirect_from_92D5
14,ADA3,reviewed_indirect_from_9296
14,ADA3,reviewed_indirect_from_92D5
14,AE49,reviewed_indirect_from_9296
14,AE49,reviewed_indirect_from_92D5
14,AF45,direct_jmp_from_AE9B
14,AF4C,direct_jsr_from_AE96
14,AF4C,direct_jsr_from_AF9D
14,AF4C,direct_jsr_from_EE70
14,AF81,reviewed_indirect_from_9296
14,AF81,reviewed_indirect_from_92D5
14,AFA1,reviewed_indirect_from_9296
14,AFA1,reviewed_indirect_from_92D5
14,AFE0,reviewed_indirect_from_9296
14,AFE0,reviewed_indirect_from_92D5
14,B01B,reviewed_indirect_from_9296
14,B01B,reviewed_indirect_from_92D5
14,B0CB,direct_jmp_from_B020
14,B0FA,reviewed_indirect_from_9296
14,B0FA,reviewed_indirect_from_92D5
14,B18A,reviewed_indirect_from_9296
14,B18A,reviewed_indirect_from_92D5
14,B197,reviewed_indirect_from_9296
14,B197,reviewed_indirect_from_92D5
14,B1A1,direct_jmp_from_B194
14,B20B,reviewed_indirect_from_9296
14,B20B,reviewed_indirect_from_92D5
14,B212,reviewed_indirect_from_9296
14,B212,reviewed_indirect_from_92D5
14,B26E,direct_jmp_from_B23E
14,B272,direct_jsr_from_B22C
14,B272,direct_jsr_from_B254
14,B2F0,reviewed_indirect_from_9296
14,B2F0,reviewed_indirect_from_92D5
14,B3F2,direct_jmp_from_B336
14,B3FB,direct_jmp_from_B332
14,B3FB,direct_jmp_from_B3F7
14,B421,reviewed_indirect_from_9296
14,B421,reviewed_indirect_from_92D5
14,B496,reviewed_indirect_from_9296
14,B496,reviewed_indirect_from_92D5
14,B4D0,reviewed_indirect_from_9296
14,B4D0,reviewed_indirect_from_92D5
14,B55C,reviewed_indirect_from_9296
14,B55C,reviewed_indirect_from_92D5
14,B569,reviewed_indirect_from_9296
14,B569,reviewed_indirect_from_92D5
14,B56D,reviewed_indirect_from_9296
14,B56D,reviewed_indirect_from_92D5
14,B571,reviewed_indirect_from_9296
14,B571,reviewed_indirect_from_92D5
14,B5E5,reviewed_indirect_from_9296
14,B5E5,reviewed_indirect_from_92D5
14,B641,reviewed_indirect_from_9296
14,B641,reviewed_indirect_from_92D5
14,B6E3,reviewed_indirect_from_9296
14,B6E3,reviewed_indirect_from_92D5
14,B720,reviewed_indirect_from_9296
14,B720,reviewed_indirect_from_92D5
14,B74B,reviewed_indirect_from_9296
14,B74B,reviewed_indirect_from_92D5
14,B767,reviewed_indirect_from_9296
14,B767,reviewed_indirect_from_92D5
14,B808,direct_jmp_from_B783
14,B818,reviewed_indirect_from_9296
14,B818,reviewed_indirect_from_92D5
14,B855,reviewed_indirect_from_9296
14,B855,reviewed_indirect_from_92D5
14,B891,reviewed_indirect_from_9296
14,B891,reviewed_indirect_from_92D5
14,B97A,direct_jmp_from_B626
14,B97A,direct_jmp_from_B86D
14,B97A,direct_jmp_from_B9CB
14,B97A,direct_jmp_from_B9D4
14,B97A,reviewed_indirect_from_9296
14,B97A,reviewed_indirect_from_92D5
14,B986,direct_jmp_from_BA2F
14,B9B7,reviewed_indirect_from_9296
14,B9B7,reviewed_indirect_from_92D5
14,B9CE,reviewed_indirect_from_9296
14,B9CE,reviewed_indirect_from_92D5
14,B9FE,reviewed_indirect_from_9296
14,B9FE,reviewed_indirect_from_92D5
14,BA32,reviewed_indirect_from_9296
14,BA32,reviewed_indirect_from_92D5
14,BAEF,reviewed_indirect_from_9296
14,BAEF,reviewed_indirect_from_92D5
14,BB25,reviewed_indirect_from_9296
14,BB25,reviewed_indirect_from_92D5
14,BB98,reviewed_indirect_from_9296
14,BB98,reviewed_indirect_from_92D5
14,BBAD,reviewed_indirect_from_9296
14,BBAD,reviewed_indirect_from_92D5
14,BC30,reviewed_indirect_from_9296
14,BC30,reviewed_indirect_from_92D5
14,BC79,reviewed_indirect_from_9296
14,BC79,reviewed_indirect_from_92D5
14,BCA9,reviewed_indirect_from_9296
14,BCA9,reviewed_indirect_from_92D5
14,BCB1,reviewed_indirect_from_9296
14,BCB1,reviewed_indirect_from_92D5
14,BD08,reviewed_indirect_from_9296
14,BD08,reviewed_indirect_from_92D5
14,C000,bank_switch_call_from_C073
14,C000,bank_switch_call_from_C0A7
14,C000,bank_switch_call_from_C0FC
14,C000,bank_switch_call_from_C1C0
14,C000,bank_switch_call_from_C230
14,C000,bank_switch_call_from_C249
14,C000,bank_switch_call_from_C26B
14,C000,bank_switch_call_from_C354
14,C000,bank_switch_call_from_C54A
14,C000,bank_switch_call_from_C559
14,C000,bank_switch_call_from_C567
14,C000,bank_switch_call_from_C595
14,C000,bank_switch_call_from_C5AF
14,C000,bank_switch_call_from_C71F
14,C000,bank_switch_call_from_C80E
14,C000,bank_switch_call_from_CB08
14,C000,bank_switch_call_from_CC79
14,C000,contract_bank_switch_call_from_C19A
14,C000,contract_bank_switch_call_from_C461
14,C000,contract_bank_switch_call_from_C4AF
14,C000,contract_bank_switch_call_from_C4D1
14,C000,contract_bank_switch_call_from_C537
14,C000,contract_bank_switch_call_from_C7A8
14,C000,contract_bank_switch_call_from_C7CD
14,C000,contract_bank_switch_call_from_C96F
14,C000,contract_bank_switch_call_from_CA1A
14,C000,contract_bank_switch_call_from_CB34
14,C000,contract_bank_switch_call_from_CB60
14,C000,contract_bank_switch_call_from_CBC7
14,C000,contract_bank_switch_call_from_D65C
14,C051,direct_jsr_from_8128
14,C051,direct_jsr_from_8317
14,C051,direct_jsr_from_8355
14,C051,direct_jsr_from_8379
14,C051,direct_jsr_from_8387
14,C051,direct_jsr_from_83CA
14,C051,direct_jsr_from_83E1
14,C051,direct_jsr_from_847A
14,C051,direct_jsr_from_84D5
14,C051,direct_jsr_from_8676
14,C051,direct_jsr_from_8ACE
14,C051,direct_jsr_from_8F66
14,C051,direct_jsr_from_8F8E
14,C051,direct_jsr_from_8FF6
14,C051,direct_jsr_from_900B
14,C051,direct_jsr_from_903A
14,C051,direct_jsr_from_99F5
14,C051,direct_jsr_from_9DE3
14,C051,direct_jsr_from_A08A
14,C051,direct_jsr_from_A75D
14,C051,direct_jsr_from_A82C
14,C051,direct_jsr_from_AAAE
14,C051,direct_jsr_from_B291
14,C051,direct_jsr_from_B35A
14,C051,direct_jsr_from_B3AB
14,C051,direct_jsr_from_B45A
14,C051,direct_jsr_from_B594
14,C051,direct_jsr_from_B799
14,C051,direct_jsr_from_B7C0
14,C051,direct_jsr_from_B96D
14,C051,direct_jsr_from_BC9C
14,C051,direct_jsr_from_C10D
14,C051,direct_jsr_from_C112
14,C051,direct_jsr_from_C590
14,C051,direct_jsr_from_D334
14,C051,direct_jsr_from_DA82
14,C051,direct_jsr_from_DAD7
14,C051,direct_jsr_from_DB25
14,C051,direct_jsr_from_DB60
14,C051,direct_jsr_from_DB97
14,C051,direct_jsr_from_DBBA
14,C051,direct_jsr_from_DC4A
14,C051,direct_jsr_from_DDDD
14,C051,direct_jsr_from_DE31
14,C051,direct_jsr_from_DF10
14,C051,direct_jsr_from_E07A
14,C051,direct_jsr_from_E0CB
14,C051,direct_jsr_from_E66E
14,C051,direct_jsr_from_E6A3
14,C051,direct_jsr_from_E6DF
14,C051,direct_jsr_from_E704
14,C051,direct_jsr_from_E731
14,C051,direct_jsr_from_E756
14,C051,direct_jsr_from_E78D
14,C051,direct_jsr_from_E7B2
14,C051,direct_jsr_from_E7F6
14,C051,direct_jsr_from_E830
14,C051,direct_jsr_from_E852
14,C051,direct_jsr_from_E8A0
14,C051,direct_jsr_from_E8C9
14,C051,direct_jsr_from_E90E
14,C051,direct_jsr_from_E930
14,C051,direct_jsr_from_E971
14,C05D,direct_jsr_from_802A
14,C071,direct_jsr_from_807F
14,C07F,direct_jsr_from_8150
14,C07F,direct_jsr_from_81B0
14,C07F,direct_jsr_from_8262
14,C07F,direct_jsr_from_831D
14,C07F,direct_jsr_from_835B
14,C07F,direct_jsr_from_83F8
14,C07F,direct_jsr_from_8419
14,C07F,direct_jsr_from_8F22
14,C07F,direct_jsr_from_8F85
14,C07F,direct_jsr_from_8F9C
14,C07F,direct_jsr_from_902D
14,C07F,direct_jsr_from_90A9
14,C07F,direct_jsr_from_910A
14,C07F,direct_jsr_from_91AD
14,C07F,direct_jsr_from_C382
14,C07F,direct_jsr_from_C583
14,C07F,direct_jsr_from_C844
14,C0D7,direct_jsr_from_81A9
14,C0D7,direct_jsr_from_825B
14,C0D7,direct_jsr_from_C37B
14,C0D7,direct_jsr_from_C83D
14,C10B,direct_jmp_from_82C5
14,C10B,direct_jmp_from_8A62
14,C10B,direct_jmp_from_8CC6
14,C10B,direct_jmp_from_9E7D
14,C10B,direct_jmp_from_C20C
14,C10B,direct_jmp_from_E5AF
14,C1F0,direct_jmp_from_C5ED
14,C289,direct_jsr_from_C1F0
14,C289,direct_jsr_from_C5D3
14,C352,direct_jsr_from_C166
14,C352,direct_jsr_from_C185
14,C393,direct_jsr_from_C177
14,C427,direct_jsr_from_C087
14,C45D,direct_jsr_from_80C1
14,C4CD,direct_jsr_from_80D2
14,C557,direct_jsr_from_805F
14,C565,direct_jsr_from_8076
14,C573,direct_jsr_from_817E
14,C573,direct_jsr_from_8233
14,C5A9,direct_jsr_from_818D
14,C5A9,direct_jsr_from_823F
14,C5A9,direct_jsr_from_C366
14,C5A9,direct_jsr_from_C828
14,C7A4,direct_jsr_from_8287
14,C7A4,direct_jsr_from_829E
14,C7A4,direct_jsr_from_8EE9
14,C7A4,direct_jsr_from_8FAB
14,C7B5,direct_jsr_from_8165
14,C808,direct_jsr_from_82B5
14,C808,direct_jsr_from_84D8
14,C80C,direct_jsr_from_83D3
14,C819,direct_jsr_from_C1F5
14,C84E,direct_jsr_from_BBC3
14,C84E,direct_jsr_from_F267
14,C874,direct_jsr_from_B28A
14,C874,direct_jsr_from_F1E5
14,C874,direct_jsr_from_F1F8
14,C874,direct_jsr_from_F220
14,C874,direct_jsr_from_F233
14,C8EF,direct_jsr_from_8F79
14,C8EF,direct_jsr_from_901E
14,C8EF,direct_jsr_from_9E27
14,C8EF,direct_jsr_from_A1B4
14,C91B,direct_jsr_from_8F7C
14,C91B,direct_jsr_from_9026
14,C91B,direct_jsr_from_A1B7
14,C96B,direct_jsr_from_8E48
14,C96B,direct_jsr_from_8EC0
14,C96B,direct_jsr_from_9093
14,C96B,direct_jsr_from_909A
14,CA16,direct_jsr_from_91A7
14,CA91,direct_jmp_from_CAF7
14,CB0C,direct_jsr_from_8416
14,CB0C,direct_jsr_from_9107
14,CB0C,direct_jsr_from_91AA
14,CB8C,direct_jsr_from_8181
14,CB8C,direct_jsr_from_8236
14,CBA2,direct_jsr_from_8A36
14,CBA2,direct_jsr_from_8C81
14,CBA2,direct_jsr_from_E055
14,CBA2,direct_jsr_from_E068
14,CBA2,direct_jsr_from_E290
14,CBA2,direct_jsr_from_E2A9
14,CBA2,direct_jsr_from_E421
14,CBA2,direct_jsr_from_E458
14,CBA2,direct_jsr_from_F05A
14,CBA2,direct_jsr_from_F07F
14,CBA2,direct_jsr_from_F103
14,CBC3,direct_jsr_from_8537
14,CBC3,direct_jsr_from_8AA4
14,CBC3,direct_jsr_from_8B6A
14,CBC3,direct_jsr_from_9802
14,CBC3,direct_jsr_from_9814
14,CBC3,direct_jsr_from_A928
14,CBC3,direct_jsr_from_B048
14,CBC3,direct_jsr_from_B056
14,CBC3,direct_jsr_from_B1B1
14,CBC3,direct_jsr_from_F060
14,CBC3,direct_jsr_from_F085
14,CBC3,direct_jsr_from_F109
14,CC6C,direct_jsr_from_8104
14,CC6C,direct_jsr_from_8157
14,CC77,direct_jsr_from_8193
14,CC77,direct_jsr_from_8245
14,CC77,direct_jsr_from_831A
14,CC77,direct_jsr_from_8358
14,CC77,direct_jsr_from_83F5
14,CC77,direct_jsr_from_8403
14,CC77,direct_jsr_from_9104
14,CC77,direct_jsr_from_91A4
14,CC77,direct_jsr_from_91F6
14,CC77,direct_jsr_from_C36C
14,CC77,direct_jsr_from_C82E
14,D0D7,direct_jsr_from_C092
14,D11B,direct_jsr_from_90B1
14,D181,direct_jmp_from_D11D
14,D2ED,direct_jsr_from_80CF
14,D332,direct_jsr_from_E5C7
14,D3A8,direct_jsr_from_836B
14,D3A8,direct_jsr_from_83E8
14,D3A8,direct_jsr_from_8412
14,D3A8,direct_jsr_from_8521
14,D3A8,direct_jsr_from_855A
14,D3A8,direct_jsr_from_858A
14,D3A8,direct_jsr_from_85A2
14,D3A8,direct_jsr_from_85EA
14,D3A8,direct_jsr_from_8688
14,D3A8,direct_jsr_from_8764
14,D3A8,direct_jsr_from_87EA
14,D3A8,direct_jsr_from_918F
14,D3A8,direct_jsr_from_D341
14,D3E0,direct_jsr_from_8ADA
14,D3E0,direct_jsr_from_DA87
14,D3E0,direct_jsr_from_DAA9
14,D3E0,direct_jsr_from_DACB
14,D3E0,direct_jsr_from_DAFE
14,D3E0,direct_jsr_from_DB20
14,D3E0,direct_jsr_from_DB5B
14,D3E0,direct_jsr_from_DB92
14,D3E0,direct_jsr_from_DBB5
14,D3E0,direct_jsr_from_DC40
14,D3E0,direct_jsr_from_DC6E
14,D3E0,direct_jsr_from_DC8C
14,D3E0,direct_jsr_from_DCAC
14,D3E0,direct_jsr_from_DDB7
14,D41C,direct_jmp_from_D407
14,D658,direct_jsr_from_818A
14,D658,direct_jsr_from_8F35
14,D658,direct_jsr_from_9041
14,D658,direct_jsr_from_C363
14,D658,direct_jsr_from_C825
14,D77C,direct_jsr_from_F160
14,DA43,direct_jsr_from_F15A
14,DA51,direct_jsr_from_876B
14,DA51,direct_jsr_from_87A7
14,DA6C,reviewed_indirect_from_DA67
14,DA8A,direct_jmp_from_DAE1
14,DA8A,direct_jmp_from_DB36
14,DA8A,direct_jmp_from_DB75
14,DA8A,direct_jmp_from_DB9A
14,DA8A,direct_jmp_from_DDE9
14,DA90,direct_jmp_from_DC53
14,DA9F,reviewed_indirect_from_DA67
14,DAB3,reviewed_indirect_from_DA67
14,DAE6,reviewed_indirect_from_DA67
14,DB0A,reviewed_indirect_from_DA67
14,DB3B,reviewed_indirect_from_DA67
14,DB7A,reviewed_indirect_from_DA67
14,DB9F,reviewed_indirect_from_DA67
14,DC31,reviewed_indirect_from_DA67
14,DC4D,direct_jmp_from_DBEC
14,DC4D,direct_jmp_from_DC78
14,DC4D,direct_jmp_from_DC99
14,DC4D,direct_jmp_from_DCB4
14,DC58,reviewed_indirect_from_DA67
14,DC7D,reviewed_indirect_from_DA67
14,DC9D,reviewed_indirect_from_DA67
14,DCD0,direct_jsr_from_8187
14,DCD0,direct_jsr_from_823C
14,DCD0,direct_jsr_from_C360
14,DCD0,direct_jsr_from_C822
14,DD34,reviewed_indirect_from_DD11
14,DDEC,direct_jmp_from_DD39
14,DE18,direct_jsr_from_DD66
14,DE18,direct_jsr_from_DD8C
14,DE18,direct_jsr_from_DD9E
14,DE48,reviewed_indirect_from_DD11
14,DE74,reviewed_indirect_from_DD11
14,DEAC,direct_jmp_from_DE9B
14,DEC4,direct_jmp_from_DEBB
14,DF6F,reviewed_indirect_from_DD11
14,DFCE,reviewed_indirect_from_DD11
14,E00F,direct_jmp_from_DFE6
14,E016,reviewed_indirect_from_DD11
14,E053,direct_jmp_from_E043
14,E158,reviewed_indirect_from_DD11
14,E190,reviewed_indirect_from_DD11
14,E1CD,direct_jmp_from_E1AB
14,E210,reviewed_indirect_from_DD11
14,E228,direct_jmp_from_E2B5
14,E2D2,direct_jmp_from_E242
14,E2DD,reviewed_indirect_from_DD11
14,E377,direct_jmp_from_E3DF
14,E3E2,direct_jmp_from_E344
14,E3ED,direct_jsr_from_E1E7
14,E3ED,direct_jsr_from_E361
14,E411,direct_jmp_from_E401
14,E44C,direct_jmp_from_E43D
14,E471,reviewed_indirect_from_DD11
14,E4E4,reviewed_indirect_from_DD11
14,E4E8,reviewed_indirect_from_DD11
14,E4E9,direct_jsr_from_E0B9
14,E4E9,direct_jsr_from_E11B
14,E4E9,direct_jsr_from_E4E4
14,E4FF,direct_jsr_from_E0E4
14,E55A,direct_jsr_from_EECA
14,E55A,direct_jsr_from_EFC3
14,E5EC,direct_jsr_from_EED2
14,E5EC,direct_jsr_from_EFCB
14,E652,reviewed_indirect_from_E64F
14,E6AA,reviewed_indirect_from_E64F
14,E6D4,direct_jmp_from_E6C3
14,E6D4,direct_jmp_from_E6CE
14,E712,direct_jmp_from_E70A
14,E716,reviewed_indirect_from_E64F
14,E772,reviewed_indirect_from_E64F
14,E7DB,reviewed_indirect_from_E64F
14,E837,reviewed_indirect_from_E64F
14,E8AE,reviewed_indirect_from_E64F
14,E915,reviewed_indirect_from_E64F
14,E97F,direct_jsr_from_E666
14,E97F,direct_jsr_from_E6D8
14,E97F,direct_jsr_from_E72A
14,E97F,direct_jsr_from_E786
14,E97F,direct_jsr_from_E7EF
14,E97F,direct_jsr_from_E84B
14,E97F,direct_jsr_from_E8C2
14,E97F,direct_jsr_from_E929
14,E97F,reviewed_indirect_from_E64F
14,EDD8,reviewed_indirect_from_92E4
14,EDF1,reviewed_indirect_from_92E4
14,EE0A,reviewed_indirect_from_92E4
14,EE23,reviewed_indirect_from_92E4
14,EE7C,reviewed_indirect_from_92E4
14,EEBA,direct_jsr_from_951D
14,EEBA,direct_jsr_from_963A
14,EEBA,direct_jsr_from_976B
14,EEBA,direct_jsr_from_9827
14,EEBA,direct_jsr_from_982B
14,EEBA,direct_jsr_from_98DF
14,EEBA,direct_jsr_from_9B11
14,EEBA,direct_jsr_from_9C7C
14,EEBA,direct_jsr_from_9E3D
14,EEBA,direct_jsr_from_9ED2
14,EEBA,direct_jsr_from_9F1C
14,EEBA,direct_jsr_from_9FC8
14,EEBA,direct_jsr_from_A165
14,EEBA,direct_jsr_from_A188
14,EEBA,direct_jsr_from_A3E9
14,EEBA,direct_jsr_from_A47A
14,EEBA,direct_jsr_from_A4BE
14,EEBA,direct_jsr_from_A6D5
14,EEBA,direct_jsr_from_A6F1
14,EEBA,direct_jsr_from_A7CF
14,EEBA,direct_jsr_from_A873
14,EEBA,direct_jsr_from_A8E6
14,EEBA,direct_jsr_from_A955
14,EEBA,direct_jsr_from_AA4A
14,EEBA,direct_jsr_from_AB30
14,EEBA,direct_jsr_from_AB85
14,EEBA,direct_jsr_from_AC80
14,EEBA,direct_jsr_from_ACAE
14,EEBA,direct_jsr_from_AD48
14,EEBA,direct_jsr_from_AD9B
14,EEBA,direct_jsr_from_ADF5
14,EEBA,direct_jsr_from_AFDC
14,EEBA,direct_jsr_from_B017
14,EEBA,direct_jsr_from_B0C7
14,EEBA,direct_jsr_from_B1FF
14,EEBA,direct_jsr_from_B3F2
14,EEBA,direct_jsr_from_B492
14,EEBA,direct_jsr_from_B540
14,EEBA,direct_jsr_from_B6D5
14,EEBA,direct_jsr_from_B71C
14,EEBA,direct_jsr_from_B747
14,EEBA,direct_jsr_from_B763
14,EEBA,direct_jsr_from_B814
14,EEBA,direct_jsr_from_B822
14,EEBA,direct_jsr_from_B851
14,EEBA,direct_jsr_from_B882
14,EEBA,direct_jsr_from_B998
14,EEBA,direct_jsr_from_B9D7
14,EEBA,direct_jsr_from_BA62
14,EEBA,direct_jsr_from_BAD4
14,EEBA,direct_jsr_from_BB06
14,EEBA,direct_jsr_from_BC29
14,EEBA,direct_jsr_from_BCA3
14,EEBA,direct_jsr_from_BCC3
14,EEDA,direct_jmp_from_AA09
14,EEEF,direct_jsr_from_DCE6
14,EEEF,direct_jsr_from_DE14
14,EEEF,direct_jsr_from_DE6A
14,EEEF,direct_jsr_from_DF69
14,EEEF,direct_jsr_from_DFCA
14,EEEF,direct_jsr_from_E012
14,EEEF,direct_jsr_from_E074
14,EEEF,direct_jsr_from_E205
14,EEEF,direct_jsr_from_E2D2
14,EEEF,direct_jsr_from_E3E2
14,EEEF,direct_jsr_from_E4E0
14,EF8C,direct_jmp_from_EF06
14,EF8F,direct_jmp_from_EEEC
14,EF8F,direct_jmp_from_EFE5
14,EFAF,direct_jsr_from_9551
14,EFAF,direct_jsr_from_9905
14,EFAF,direct_jsr_from_9A61
14,EFAF,direct_jsr_from_A7EE
14,EFAF,direct_jsr_from_BD04
14,EFAF,reviewed_indirect_from_92E4
14,EFB3,direct_jsr_from_9671
14,EFB3,direct_jsr_from_9885
14,EFB3,direct_jsr_from_9C6E
14,EFB3,direct_jsr_from_9EAF
14,EFB3,direct_jsr_from_A050
14,EFB3,direct_jsr_from_A150
14,EFB3,direct_jsr_from_A191
14,EFB3,direct_jsr_from_A304
14,EFB3,direct_jsr_from_A4A2
14,EFB3,direct_jsr_from_A544
14,EFB3,direct_jsr_from_A653
14,EFB3,direct_jsr_from_A72A
14,EFB3,direct_jsr_from_A812
14,EFB3,direct_jsr_from_A9E8
14,EFB3,direct_jsr_from_ABA0
14,EFB3,direct_jsr_from_AC9D
14,EFB3,direct_jsr_from_AF48
14,EFB3,direct_jsr_from_B0F2
14,EFB3,direct_jsr_from_B26E
14,EFB3,direct_jsr_from_B32D
14,EFB3,direct_jsr_from_B4CC
14,EFB3,direct_jsr_from_B558
14,EFB3,direct_jsr_from_B561
14,EFB3,direct_jsr_from_B5E1
14,EFB3,direct_jsr_from_B622
14,EFB3,direct_jsr_from_B88D
14,EFB3,direct_jsr_from_BB82
14,EFB3,direct_jsr_from_BBD3
14,EFB3,direct_jsr_from_BC75
14,EFB3,direct_jsr_from_BC7E
14,EFB3,direct_jsr_from_BD00
14,EFB3,direct_jsr_from_BD15
14,EFB3,direct_jsr_from_EDDD
14,EFB3,direct_jsr_from_EDF6
14,EFB3,direct_jsr_from_EE0F
14,EFB3,direct_jsr_from_EE78
14,EFB3,direct_jsr_from_EEA3
14,EFB3,reviewed_indirect_from_92E4
14,EFEE,direct_jsr_from_94BF
14,EFEE,direct_jsr_from_95EB
14,EFEE,direct_jsr_from_970E
14,EFEE,direct_jsr_from_9882
14,EFEE,direct_jsr_from_98C8
14,EFEE,direct_jsr_from_9F4B
14,EFEE,direct_jsr_from_9F7E
14,EFEE,direct_jsr_from_A2F4
14,EFEE,direct_jsr_from_A50B
14,EFEE,direct_jsr_from_A6B9
14,EFEE,direct_jsr_from_A7AA
14,EFEE,direct_jsr_from_A7F7
14,EFEE,direct_jsr_from_A974
14,EFEE,direct_jsr_from_AA70
14,EFEE,direct_jsr_from_AAEF
14,EFEE,direct_jsr_from_AC30
14,EFEE,direct_jsr_from_AD70
14,EFEE,direct_jsr_from_AE49
14,EFEE,direct_jsr_from_B090
14,EFEE,direct_jsr_from_B306
14,EFEE,direct_jsr_from_B3AE
14,EFEE,direct_jsr_from_B421
14,EFEE,direct_jsr_from_B4AB
14,EFEE,direct_jsr_from_B4DF
14,EFEE,direct_jsr_from_BBAD
14,EFEE,direct_jsr_from_EE23
14,F010,direct_jsr_from_991E
14,F010,direct_jsr_from_A0C2
14,F010,direct_jsr_from_A0D3
14,F010,direct_jsr_from_A0DF
14,F010,direct_jsr_from_A54B
14,F010,direct_jsr_from_A563
14,F010,direct_jsr_from_A56A
14,F010,direct_jsr_from_EEAA
14,F014,direct_jsr_from_9532
14,F014,direct_jsr_from_95B9
14,F014,direct_jsr_from_9654
14,F014,direct_jsr_from_96D3
14,F014,direct_jsr_from_B8E2
14,F014,direct_jsr_from_B955
14,F02C,direct_jmp_from_F131
14,F02C,direct_jmp_from_F149
14,F02C,direct_jmp_from_F14D
14,F02C,direct_jsr_from_96ED
14,F02C,direct_jsr_from_9F03
14,F02C,direct_jsr_from_A32F
14,F02C,direct_jsr_from_A3A6
14,F02C,direct_jsr_from_A44E
14,F02C,direct_jsr_from_A81C
14,F02C,direct_jsr_from_A946
14,F02C,direct_jsr_from_AB60
14,F02C,direct_jsr_from_ACA7
14,F02C,direct_jsr_from_B77C
14,F02C,direct_jsr_from_BB12
14,F02C,direct_jsr_from_BC8F
14,F045,direct_jmp_from_F03C
14,F063,direct_jmp_from_F05D
14,F088,direct_jmp_from_F082
14,F0B3,direct_jmp_from_F0A2
14,F0CF,direct_jsr_from_989C
14,F0CF,direct_jsr_from_9F2F
14,F0CF,direct_jsr_from_A6AB
14,F0CF,direct_jsr_from_A751
14,F0CF,direct_jsr_from_A87F
14,F0CF,direct_jsr_from_A9F9
14,F0CF,direct_jsr_from_AA68
14,F0CF,direct_jsr_from_B34E
14,F0CF,direct_jsr_from_B431
14,F0CF,direct_jsr_from_B520
14,F0CF,direct_jsr_from_B64E
14,F0CF,direct_jsr_from_B72C
14,F0CF,direct_jsr_from_BCD5
14,F0CF,direct_jsr_from_DF77
14,F0CF,direct_jsr_from_E26E
14,F0CF,direct_jsr_from_E2EF
14,F0FD,direct_jmp_from_F0ED
14,F10C,direct_jmp_from_F106
14,F159,direct_jsr_from_8B02
14,F159,direct_jsr_from_9542
14,F159,direct_jsr_from_9580
14,F159,direct_jsr_from_96A0
14,F159,direct_jsr_from_9794
14,F159,direct_jsr_from_985D
14,F159,direct_jsr_from_99BA
14,F159,direct_jsr_from_9CA3
14,F159,direct_jsr_from_9F83
14,F159,direct_jsr_from_A00B
14,F159,direct_jsr_from_A093
14,F159,direct_jsr_from_A21B
14,F159,direct_jsr_from_A24B
14,F159,direct_jsr_from_A418
14,F159,direct_jsr_from_A497
14,F159,direct_jsr_from_A4E6
14,F159,direct_jsr_from_A510
14,F159,direct_jsr_from_A552
14,F159,direct_jsr_from_A63B
14,F159,direct_jsr_from_A71F
14,F159,direct_jsr_from_A839
14,F159,direct_jsr_from_A89E
14,F159,direct_jsr_from_A8F1
14,F159,direct_jsr_from_A97D
14,F159,direct_jsr_from_AAB7
14,F159,direct_jsr_from_ABDF
14,F159,direct_jsr_from_AC19
14,F159,direct_jsr_from_ACB8
14,F159,direct_jsr_from_ACBD
14,F159,direct_jsr_from_ACCB
14,F159,direct_jsr_from_AD7F
14,F159,direct_jsr_from_ADB2
14,F159,direct_jsr_from_AEB8
14,F159,direct_jsr_from_AEFD
14,F159,direct_jsr_from_B13C
14,F159,direct_jsr_from_B296
14,F159,direct_jsr_from_B3B3
14,F159,direct_jsr_from_B402
14,F159,direct_jsr_from_B45F
14,F159,direct_jsr_from_B4B6
14,F159,direct_jsr_from_B663
14,F159,direct_jsr_from_B7D1
14,F159,direct_jsr_from_B913
14,F159,direct_jsr_from_B93E
14,F159,direct_jsr_from_BB5A
14,F159,direct_jsr_from_BC45
14,F159,direct_jsr_from_EEA0
14,F159,direct_jsr_from_EEB1
14,F159,direct_jsr_from_F2A1
14,F160,direct_jsr_from_81EC
14,F160,direct_jsr_from_820B
14,F160,direct_jsr_from_C5DE
14,F197,direct_jsr_from_94B7
14,F197,direct_jsr_from_9ECF
14,F197,direct_jsr_from_9F9A
14,F197,direct_jsr_from_A4B3
14,F197,direct_jsr_from_AD42
14,F197,direct_jsr_from_B719
14,F197,direct_jsr_from_BAC5
14,F197,direct_jsr_from_BB6F
14,F242,direct_jmp_from_F207
14,F25A,direct_jsr_from_EED7
14,F25A,direct_jsr_from_EFD0
15,C000,bank_switch_call_from_C54A
15,C000,bank_switch_call_from_C71F
15,C000,contract_bank_switch_call_from_C4AF
15,C000,contract_bank_switch_call_from_C537
15,C000,contract_bank_switch_call_from_CB60
