mapping_low_bank,cpu_pc,pointer,targets,decision
11,8028,0008,80C5 82E3 84FB 8656 879E 8956 8B20 8CC3 8E10 9213 939B 966E 96C0 9B2A,resolved_reviewed_split_table_$8047_$8055_selector_0_13
11,80D0,0008,80D3 815E 81FD 8290 82CC,resolved_reviewed_split_table_$82D9_$82DE_selector_0_4
11,82EE,0008,80D3 82F1 8419 8480,resolved_reviewed_split_table_$84F3_$84F7_selector_0_3
11,8506,0008,80D3 8509 8583 85BB,resolved_reviewed_split_table_$864E_$8652_selector_0_3
11,8661,0008,80D3 8664 86EA 8754,resolved_reviewed_split_table_$8796_$879A_selector_0_3
11,87A9,0008,80D3 87AC 8899 88B8 88C1,resolved_reviewed_split_table_$894C_$8951_selector_0_4
11,8961,0008,80D3 8964 89B6 8A0C 8AAD,resolved_reviewed_split_table_$8B16_$8B1B_selector_0_4
11,8B2B,0008,80D3 8B2E 8BB5,resolved_reviewed_split_table_$8CBB_$8CBF_selector_0_3
11,8CCE,0008,80D3 8CD1 8CF6 8D80,resolved_reviewed_split_table_$8E08_$8E0C_selector_0_3
11,8E1B,0008,8E1E 8F16 8F8A 8FFC 9064 90E5 9122,resolved_reviewed_split_table_$9205_$920C_selector_0_6
11,921E,0008,9221 9245 9357,resolved_reviewed_split_table_$9395_$9398_selector_0_2
11,93A6,0008,93A9 94AD 951D 9537 9547 954B,resolved_reviewed_split_table_$9662_$9668_selector_0_5
11,9679,0008,9357 967C,resolved_reviewed_split_table_$96BC_$96BE_selector_0_1
11,96CB,0008,96CE 9814 98A2 98B0 997B,resolved_reviewed_split_table_$9B1C_$9B23_selector_0_6
11,9B35,0008,9B38 9C6B 9D0F 9D65 9D80 9DA2 9E41 9E8F 9EF3 9F57 9F9A,resolved_reviewed_split_table_$9FBD_$9FC8_selector_0_10
11,9D43,0008,9D65 9D80 9DA2 9E41 9E8F 9EF3 9F57 9F9A,resolved_reviewed_split_table_$9FC0_$9FCB_selector_0_7
11,9FE5,0008,9122 9369 997B 9D0F,resolved_reviewed_split_table_$A100_$A106_selector_0_5
11,A5FE,0008,A601 A65A A6CE A725 A789 A7E0 A854 A8B6 A91B,resolved_reviewed_split_table_$A930_$A939_selector_0_8
12,856A,00F4,85D3 85DB 85E5 85F5 860F 8640 8656 87D7 87E1 87EB 87FB 8815 885D 887A 888D 88C7 8917,resolved_reviewed_inline_tables_$85C5:7_$87C3:10
14,82E9,0008,82EC 82F0 8327 832B 836F 837D 838B 8423 84A3,resolved_reviewed_split_table_$84DC_$84E5_selector_0_8
14,8505,0008,8508 8545 8546 8569 85A6 85D3 85FB 868C 86BC 8776,resolved_reviewed_split_table_$8783_$878F_selector_0_11
14,9296,0008,948D 9523 9555 95D7 964E 9671 9675 96E5 976F 9776 982B 982F 988F 98E3 9A43 9A65 9A73 9C5B 9C90 9DCE 9E81 9F22 9FD1 A136 A154 A169 A2F4 A3ED A446 A47E A485 A4A6 A4C2 A55A A5AB A5B8 A5C5 A62A A6F1 A70D A72E A7D3 A7D7 A7F2 A8EA A9C3 A9EC AA4E AB89 ABA4 AC12 AC8F AC96 AD30 AD4C ADA3 AE49 AF81 AFA1 AFE0 B01B B0FA B18A B197 B20B B212 B2F0 B421 B496 B4D0 B55C B569 B56D B571 B5E5 B641 B6E3 B720 B74B B767 B818 B855 B891 B97A B9B7 B9CE B9FE BA32 BAEF BB25 BB98 BBAD BC30 BC79 BCA9 BCB1 BD08,resolved_reviewed_split_table_$92F0_$9370_selector_0_126
14,92D5,0008,948D 9523 9555 95D7 964E 9671 9675 96E5 976F 9776 982B 982F 988F 98E3 9A43 9A65 9A73 9C5B 9C90 9DCE 9E81 9F22 9FD1 A136 A154 A169 A2F4 A3ED A446 A47E A485 A4A6 A4C2 A55A A5AB A5B8 A5C5 A62A A6F1 A70D A72E A7D3 A7D7 A7F2 A8EA A9C3 A9EC AA4E AB89 ABA4 AC12 AC8F AC96 AD30 AD4C ADA3 AE49 AF81 AFA1 AFE0 B01B B0FA B18A B197 B20B B212 B2F0 B421 B496 B4D0 B55C B569 B56D B571 B5E5 B641 B6E3 B720 B74B B767 B818 B855 B891 B97A B9B7 B9CE B9FE BA32 BAEF BB25 BB98 BBAD BC30 BC79 BCA9 BCB1 BD08,resolved_reviewed_split_table_$92F0_$9370_selector_0_126
14,92E4,0008,EDD8 EDF1 EE0A EE23 EE7C EFAF EFB3,resolved_reviewed_split_table_$9470_$947F_selector_0_7
14,DA67,0008,DA6C DA9F DAB3 DAE6 DB0A DB3B DB7A DB9F DC31 DC58 DC7D DC9D,resolved_reviewed_split_table_$DCB8_$DCC4_selector_0_11
14,DD11,0008,DD34 DE48 DE74 DF6F DFCE E016 E158 E190 E210 E2DD E471 E4E4 E4E8,resolved_reviewed_split_table_$DD14_$DD24_selector_0_15
14,E64F,0008,E652 E6AA E716 E772 E7DB E837 E8AE E915 E97F,resolved_reviewed_split_table_$E986_$E98F_selector_0_8
