mapping_low_bank_before,cpu_pc,kind,committed_value,mapping_low_bank_after
0,C006,serial_register_3,00,0
0,C006,serial_register_3,01,1
0,C006,serial_register_3,02,2
0,C006,serial_register_3,03,3
0,C006,serial_register_3,04,4
0,C006,serial_register_3,05,5
0,C006,serial_register_3,06,6
0,C006,serial_register_3,07,7
0,C006,serial_register_3,08,8
0,C006,serial_register_3,09,9
0,C006,serial_register_3,0A,10
0,C006,serial_register_3,0B,11
0,C006,serial_register_3,0C,12
0,C006,serial_register_3,0D,13
0,C006,serial_register_3,0E,14
0,C006,serial_register_3,0F,15
0,C024,serial_register_3,0C,12
0,C0A7,call_bank_switch_C000,0E,14
0,C1B3,call_bank_switch_C000,0E,14
0,C498,contract_call_bank_switch_C000,00,0
0,C498,contract_call_bank_switch_C000,01,1
0,C498,contract_call_bank_switch_C000,02,2
0,C498,contract_call_bank_switch_C000,03,3
0,C498,contract_call_bank_switch_C000,04,4
0,C498,contract_call_bank_switch_C000,05,5
0,C498,contract_call_bank_switch_C000,06,6
0,C498,contract_call_bank_switch_C000,07,7
0,C498,contract_call_bank_switch_C000,08,8
0,C498,contract_call_bank_switch_C000,09,9
0,C498,contract_call_bank_switch_C000,0A,10
0,C498,contract_call_bank_switch_C000,0B,11
0,C498,contract_call_bank_switch_C000,0C,12
0,C498,contract_call_bank_switch_C000,0D,13
0,C498,contract_call_bank_switch_C000,0E,14
0,C498,contract_call_bank_switch_C000,0F,15
0,C4AF,contract_call_bank_switch_C000,00,0
0,C4AF,contract_call_bank_switch_C000,01,1
0,C4AF,contract_call_bank_switch_C000,02,2
0,C4AF,contract_call_bank_switch_C000,03,3
0,C4AF,contract_call_bank_switch_C000,04,4
0,C4AF,contract_call_bank_switch_C000,05,5
0,C4AF,contract_call_bank_switch_C000,06,6
0,C4AF,contract_call_bank_switch_C000,07,7
0,C4C9,call_bank_switch_C000,0E,14
0,C537,contract_call_bank_switch_C000,00,0
0,C537,contract_call_bank_switch_C000,01,1
0,C537,contract_call_bank_switch_C000,02,2
0,C537,contract_call_bank_switch_C000,03,3
0,C537,contract_call_bank_switch_C000,04,4
0,C537,contract_call_bank_switch_C000,05,5
0,C537,contract_call_bank_switch_C000,06,6
0,C537,contract_call_bank_switch_C000,07,7
0,C537,contract_call_bank_switch_C000,08,8
0,C537,contract_call_bank_switch_C000,09,9
0,C537,contract_call_bank_switch_C000,0A,10
0,C537,contract_call_bank_switch_C000,0B,11
0,C537,contract_call_bank_switch_C000,0C,12
0,C537,contract_call_bank_switch_C000,0D,13
0,C537,contract_call_bank_switch_C000,0E,14
0,C537,contract_call_bank_switch_C000,0F,15
0,C54A,call_bank_switch_C000,0E,14
0,C66A,contract_call_bank_switch_C000,00,0
0,C66A,contract_call_bank_switch_C000,05,5
0,C66A,contract_call_bank_switch_C000,06,6
0,C685,call_bank_switch_C000,0D,13
0,C71F,call_bank_switch_C000,0D,13
0,C7A0,call_bank_switch_C000,0D,13
0,C7B1,call_bank_switch_C000,0E,14
0,C7CD,contract_call_bank_switch_C000,00,0
0,C7CD,contract_call_bank_switch_C000,01,1
0,C7CD,contract_call_bank_switch_C000,02,2
0,C7CD,contract_call_bank_switch_C000,03,3
0,C7CD,contract_call_bank_switch_C000,04,4
0,C7CD,contract_call_bank_switch_C000,05,5
0,C7CD,contract_call_bank_switch_C000,06,6
0,C7CD,contract_call_bank_switch_C000,07,7
0,C804,call_bank_switch_C000,0E,14
0,CA03,call_bank_switch_C000,0E,14
0,CB4A,contract_call_bank_switch_C000,00,0
0,CB4A,contract_call_bank_switch_C000,01,1
0,CB4A,contract_call_bank_switch_C000,02,2
0,CB4A,contract_call_bank_switch_C000,03,3
0,CB4A,contract_call_bank_switch_C000,04,4
0,CB4A,contract_call_bank_switch_C000,05,5
0,CB4A,contract_call_bank_switch_C000,06,6
0,CB4A,contract_call_bank_switch_C000,07,7
0,CB4A,contract_call_bank_switch_C000,08,8
0,CB4A,contract_call_bank_switch_C000,09,9
0,CB4A,contract_call_bank_switch_C000,0A,10
0,CB4A,contract_call_bank_switch_C000,0B,11
0,CB4A,contract_call_bank_switch_C000,0C,12
0,CB4A,contract_call_bank_switch_C000,0D,13
0,CB4A,contract_call_bank_switch_C000,0E,14
0,CB4A,contract_call_bank_switch_C000,0F,15
0,CB60,contract_call_bank_switch_C000,00,0
0,CC43,call_bank_switch_C000,0E,14
0,CC79,call_bank_switch_C000,0A,10
0,D097,serial_register_3,0C,12
0,D74F,call_bank_switch_C000,0E,14
0,F2DD,call_bank_switch_C000,0E,14
0,FFE1,rmw_shift_reset,80,0
1,C006,serial_register_3,00,0
1,C006,serial_register_3,01,1
1,C006,serial_register_3,02,2
1,C006,serial_register_3,03,3
1,C006,serial_register_3,04,4
1,C006,serial_register_3,05,5
1,C006,serial_register_3,06,6
1,C006,serial_register_3,07,7
1,C006,serial_register_3,08,8
1,C006,serial_register_3,09,9
1,C006,serial_register_3,0A,10
1,C006,serial_register_3,0B,11
1,C006,serial_register_3,0C,12
1,C006,serial_register_3,0D,13
1,C006,serial_register_3,0E,14
1,C006,serial_register_3,0F,15
1,C024,serial_register_3,0C,12
1,C0A7,call_bank_switch_C000,0E,14
1,C1B3,call_bank_switch_C000,0E,14
1,C498,contract_call_bank_switch_C000,00,0
1,C498,contract_call_bank_switch_C000,01,1
1,C498,contract_call_bank_switch_C000,02,2
1,C498,contract_call_bank_switch_C000,03,3
1,C498,contract_call_bank_switch_C000,04,4
1,C498,contract_call_bank_switch_C000,05,5
1,C498,contract_call_bank_switch_C000,06,6
1,C498,contract_call_bank_switch_C000,07,7
1,C498,contract_call_bank_switch_C000,08,8
1,C498,contract_call_bank_switch_C000,09,9
1,C498,contract_call_bank_switch_C000,0A,10
1,C498,contract_call_bank_switch_C000,0B,11
1,C498,contract_call_bank_switch_C000,0C,12
1,C498,contract_call_bank_switch_C000,0D,13
1,C498,contract_call_bank_switch_C000,0E,14
1,C498,contract_call_bank_switch_C000,0F,15
1,C4AF,contract_call_bank_switch_C000,00,0
1,C4AF,contract_call_bank_switch_C000,01,1
1,C4AF,contract_call_bank_switch_C000,02,2
1,C4AF,contract_call_bank_switch_C000,03,3
1,C4AF,contract_call_bank_switch_C000,04,4
1,C4AF,contract_call_bank_switch_C000,05,5
1,C4AF,contract_call_bank_switch_C000,06,6
1,C4AF,contract_call_bank_switch_C000,07,7
1,C4C9,call_bank_switch_C000,0E,14
1,C537,contract_call_bank_switch_C000,00,0
1,C537,contract_call_bank_switch_C000,01,1
1,C537,contract_call_bank_switch_C000,02,2
1,C537,contract_call_bank_switch_C000,03,3
1,C537,contract_call_bank_switch_C000,04,4
1,C537,contract_call_bank_switch_C000,05,5
1,C537,contract_call_bank_switch_C000,06,6
1,C537,contract_call_bank_switch_C000,07,7
1,C537,contract_call_bank_switch_C000,08,8
1,C537,contract_call_bank_switch_C000,09,9
1,C537,contract_call_bank_switch_C000,0A,10
1,C537,contract_call_bank_switch_C000,0B,11
1,C537,contract_call_bank_switch_C000,0C,12
1,C537,contract_call_bank_switch_C000,0D,13
1,C537,contract_call_bank_switch_C000,0E,14
1,C537,contract_call_bank_switch_C000,0F,15
1,C54A,call_bank_switch_C000,0E,14
1,C71F,call_bank_switch_C000,0D,13
1,C743,call_bank_switch_C000,0D,13
1,C7B1,call_bank_switch_C000,0E,14
1,C7CD,contract_call_bank_switch_C000,00,0
1,C7CD,contract_call_bank_switch_C000,01,1
1,C7CD,contract_call_bank_switch_C000,02,2
1,C7CD,contract_call_bank_switch_C000,03,3
1,C7CD,contract_call_bank_switch_C000,04,4
1,C7CD,contract_call_bank_switch_C000,05,5
1,C7CD,contract_call_bank_switch_C000,06,6
1,C7CD,contract_call_bank_switch_C000,07,7
1,C804,call_bank_switch_C000,0E,14
1,CA03,call_bank_switch_C000,0E,14
1,CB4A,contract_call_bank_switch_C000,00,0
1,CB4A,contract_call_bank_switch_C000,01,1
1,CB4A,contract_call_bank_switch_C000,02,2
1,CB4A,contract_call_bank_switch_C000,03,3
1,CB4A,contract_call_bank_switch_C000,04,4
1,CB4A,contract_call_bank_switch_C000,05,5
1,CB4A,contract_call_bank_switch_C000,06,6
1,CB4A,contract_call_bank_switch_C000,07,7
1,CB4A,contract_call_bank_switch_C000,08,8
1,CB4A,contract_call_bank_switch_C000,09,9
1,CB4A,contract_call_bank_switch_C000,0A,10
1,CB4A,contract_call_bank_switch_C000,0B,11
1,CB4A,contract_call_bank_switch_C000,0C,12
1,CB4A,contract_call_bank_switch_C000,0D,13
1,CB4A,contract_call_bank_switch_C000,0E,14
1,CB4A,contract_call_bank_switch_C000,0F,15
1,CB60,contract_call_bank_switch_C000,01,1
1,CC43,call_bank_switch_C000,0E,14
1,CC79,call_bank_switch_C000,0A,10
1,D74F,call_bank_switch_C000,0E,14
2,C006,serial_register_3,00,0
2,C006,serial_register_3,01,1
2,C006,serial_register_3,02,2
2,C006,serial_register_3,03,3
2,C006,serial_register_3,04,4
2,C006,serial_register_3,05,5
2,C006,serial_register_3,06,6
2,C006,serial_register_3,07,7
2,C006,serial_register_3,08,8
2,C006,serial_register_3,09,9
2,C006,serial_register_3,0A,10
2,C006,serial_register_3,0B,11
2,C006,serial_register_3,0C,12
2,C006,serial_register_3,0D,13
2,C006,serial_register_3,0E,14
2,C006,serial_register_3,0F,15
2,C024,serial_register_3,0C,12
2,C0A7,call_bank_switch_C000,0E,14
2,C1B3,call_bank_switch_C000,0E,14
2,C498,contract_call_bank_switch_C000,00,0
2,C498,contract_call_bank_switch_C000,01,1
2,C498,contract_call_bank_switch_C000,02,2
2,C498,contract_call_bank_switch_C000,03,3
2,C498,contract_call_bank_switch_C000,04,4
2,C498,contract_call_bank_switch_C000,05,5
2,C498,contract_call_bank_switch_C000,06,6
2,C498,contract_call_bank_switch_C000,07,7
2,C498,contract_call_bank_switch_C000,08,8
2,C498,contract_call_bank_switch_C000,09,9
2,C498,contract_call_bank_switch_C000,0A,10
2,C498,contract_call_bank_switch_C000,0B,11
2,C498,contract_call_bank_switch_C000,0C,12
2,C498,contract_call_bank_switch_C000,0D,13
2,C498,contract_call_bank_switch_C000,0E,14
2,C498,contract_call_bank_switch_C000,0F,15
2,C4AF,contract_call_bank_switch_C000,00,0
2,C4AF,contract_call_bank_switch_C000,01,1
2,C4AF,contract_call_bank_switch_C000,02,2
2,C4AF,contract_call_bank_switch_C000,03,3
2,C4AF,contract_call_bank_switch_C000,04,4
2,C4AF,contract_call_bank_switch_C000,05,5
2,C4AF,contract_call_bank_switch_C000,06,6
2,C4AF,contract_call_bank_switch_C000,07,7
2,C4C9,call_bank_switch_C000,0E,14
2,C537,contract_call_bank_switch_C000,00,0
2,C537,contract_call_bank_switch_C000,01,1
2,C537,contract_call_bank_switch_C000,02,2
2,C537,contract_call_bank_switch_C000,03,3
2,C537,contract_call_bank_switch_C000,04,4
2,C537,contract_call_bank_switch_C000,05,5
2,C537,contract_call_bank_switch_C000,06,6
2,C537,contract_call_bank_switch_C000,07,7
2,C537,contract_call_bank_switch_C000,08,8
2,C537,contract_call_bank_switch_C000,09,9
2,C537,contract_call_bank_switch_C000,0A,10
2,C537,contract_call_bank_switch_C000,0B,11
2,C537,contract_call_bank_switch_C000,0C,12
2,C537,contract_call_bank_switch_C000,0D,13
2,C537,contract_call_bank_switch_C000,0E,14
2,C537,contract_call_bank_switch_C000,0F,15
2,C54A,call_bank_switch_C000,0E,14
2,C71F,call_bank_switch_C000,0D,13
2,C7B1,call_bank_switch_C000,0E,14
2,C7CD,contract_call_bank_switch_C000,00,0
2,C7CD,contract_call_bank_switch_C000,01,1
2,C7CD,contract_call_bank_switch_C000,02,2
2,C7CD,contract_call_bank_switch_C000,03,3
2,C7CD,contract_call_bank_switch_C000,04,4
2,C7CD,contract_call_bank_switch_C000,05,5
2,C7CD,contract_call_bank_switch_C000,06,6
2,C7CD,contract_call_bank_switch_C000,07,7
2,C804,call_bank_switch_C000,0E,14
2,CA03,call_bank_switch_C000,0E,14
2,CB4A,contract_call_bank_switch_C000,00,0
2,CB4A,contract_call_bank_switch_C000,01,1
2,CB4A,contract_call_bank_switch_C000,02,2
2,CB4A,contract_call_bank_switch_C000,03,3
2,CB4A,contract_call_bank_switch_C000,04,4
2,CB4A,contract_call_bank_switch_C000,05,5
2,CB4A,contract_call_bank_switch_C000,06,6
2,CB4A,contract_call_bank_switch_C000,07,7
2,CB4A,contract_call_bank_switch_C000,08,8
2,CB4A,contract_call_bank_switch_C000,09,9
2,CB4A,contract_call_bank_switch_C000,0A,10
2,CB4A,contract_call_bank_switch_C000,0B,11
2,CB4A,contract_call_bank_switch_C000,0C,12
2,CB4A,contract_call_bank_switch_C000,0D,13
2,CB4A,contract_call_bank_switch_C000,0E,14
2,CB4A,contract_call_bank_switch_C000,0F,15
2,CB60,contract_call_bank_switch_C000,02,2
2,CC43,call_bank_switch_C000,0E,14
2,CC79,call_bank_switch_C000,0A,10
2,D74F,call_bank_switch_C000,0E,14
3,C006,serial_register_3,00,0
3,C006,serial_register_3,01,1
3,C006,serial_register_3,02,2
3,C006,serial_register_3,03,3
3,C006,serial_register_3,04,4
3,C006,serial_register_3,05,5
3,C006,serial_register_3,06,6
3,C006,serial_register_3,07,7
3,C006,serial_register_3,08,8
3,C006,serial_register_3,09,9
3,C006,serial_register_3,0A,10
3,C006,serial_register_3,0B,11
3,C006,serial_register_3,0C,12
3,C006,serial_register_3,0D,13
3,C006,serial_register_3,0E,14
3,C006,serial_register_3,0F,15
3,C024,serial_register_3,0C,12
3,C0A7,call_bank_switch_C000,0E,14
3,C1B3,call_bank_switch_C000,0E,14
3,C498,contract_call_bank_switch_C000,00,0
3,C498,contract_call_bank_switch_C000,01,1
3,C498,contract_call_bank_switch_C000,02,2
3,C498,contract_call_bank_switch_C000,03,3
3,C498,contract_call_bank_switch_C000,04,4
3,C498,contract_call_bank_switch_C000,05,5
3,C498,contract_call_bank_switch_C000,06,6
3,C498,contract_call_bank_switch_C000,07,7
3,C498,contract_call_bank_switch_C000,08,8
3,C498,contract_call_bank_switch_C000,09,9
3,C498,contract_call_bank_switch_C000,0A,10
3,C498,contract_call_bank_switch_C000,0B,11
3,C498,contract_call_bank_switch_C000,0C,12
3,C498,contract_call_bank_switch_C000,0D,13
3,C498,contract_call_bank_switch_C000,0E,14
3,C498,contract_call_bank_switch_C000,0F,15
3,C4AF,contract_call_bank_switch_C000,00,0
3,C4AF,contract_call_bank_switch_C000,01,1
3,C4AF,contract_call_bank_switch_C000,02,2
3,C4AF,contract_call_bank_switch_C000,03,3
3,C4AF,contract_call_bank_switch_C000,04,4
3,C4AF,contract_call_bank_switch_C000,05,5
3,C4AF,contract_call_bank_switch_C000,06,6
3,C4AF,contract_call_bank_switch_C000,07,7
3,C4C9,call_bank_switch_C000,0E,14
3,C537,contract_call_bank_switch_C000,00,0
3,C537,contract_call_bank_switch_C000,01,1
3,C537,contract_call_bank_switch_C000,02,2
3,C537,contract_call_bank_switch_C000,03,3
3,C537,contract_call_bank_switch_C000,04,4
3,C537,contract_call_bank_switch_C000,05,5
3,C537,contract_call_bank_switch_C000,06,6
3,C537,contract_call_bank_switch_C000,07,7
3,C537,contract_call_bank_switch_C000,08,8
3,C537,contract_call_bank_switch_C000,09,9
3,C537,contract_call_bank_switch_C000,0A,10
3,C537,contract_call_bank_switch_C000,0B,11
3,C537,contract_call_bank_switch_C000,0C,12
3,C537,contract_call_bank_switch_C000,0D,13
3,C537,contract_call_bank_switch_C000,0E,14
3,C537,contract_call_bank_switch_C000,0F,15
3,C54A,call_bank_switch_C000,0E,14
3,C640,call_bank_switch_C000,0D,13
3,C71F,call_bank_switch_C000,0D,13
3,C7B1,call_bank_switch_C000,0E,14
3,C7CD,contract_call_bank_switch_C000,00,0
3,C7CD,contract_call_bank_switch_C000,01,1
3,C7CD,contract_call_bank_switch_C000,02,2
3,C7CD,contract_call_bank_switch_C000,03,3
3,C7CD,contract_call_bank_switch_C000,04,4
3,C7CD,contract_call_bank_switch_C000,05,5
3,C7CD,contract_call_bank_switch_C000,06,6
3,C7CD,contract_call_bank_switch_C000,07,7
3,C804,call_bank_switch_C000,0E,14
3,CA03,call_bank_switch_C000,0E,14
3,CB4A,contract_call_bank_switch_C000,00,0
3,CB4A,contract_call_bank_switch_C000,01,1
3,CB4A,contract_call_bank_switch_C000,02,2
3,CB4A,contract_call_bank_switch_C000,03,3
3,CB4A,contract_call_bank_switch_C000,04,4
3,CB4A,contract_call_bank_switch_C000,05,5
3,CB4A,contract_call_bank_switch_C000,06,6
3,CB4A,contract_call_bank_switch_C000,07,7
3,CB4A,contract_call_bank_switch_C000,08,8
3,CB4A,contract_call_bank_switch_C000,09,9
3,CB4A,contract_call_bank_switch_C000,0A,10
3,CB4A,contract_call_bank_switch_C000,0B,11
3,CB4A,contract_call_bank_switch_C000,0C,12
3,CB4A,contract_call_bank_switch_C000,0D,13
3,CB4A,contract_call_bank_switch_C000,0E,14
3,CB4A,contract_call_bank_switch_C000,0F,15
3,CB60,contract_call_bank_switch_C000,03,3
3,CC43,call_bank_switch_C000,0E,14
3,CC79,call_bank_switch_C000,0A,10
3,D74F,call_bank_switch_C000,0E,14
4,C006,serial_register_3,00,0
4,C006,serial_register_3,01,1
4,C006,serial_register_3,02,2
4,C006,serial_register_3,03,3
4,C006,serial_register_3,04,4
4,C006,serial_register_3,05,5
4,C006,serial_register_3,06,6
4,C006,serial_register_3,07,7
4,C006,serial_register_3,08,8
4,C006,serial_register_3,09,9
4,C006,serial_register_3,0A,10
4,C006,serial_register_3,0B,11
4,C006,serial_register_3,0C,12
4,C006,serial_register_3,0D,13
4,C006,serial_register_3,0E,14
4,C006,serial_register_3,0F,15
4,C024,serial_register_3,0C,12
4,C0A7,call_bank_switch_C000,0E,14
4,C1B3,call_bank_switch_C000,0E,14
4,C498,contract_call_bank_switch_C000,00,0
4,C498,contract_call_bank_switch_C000,01,1
4,C498,contract_call_bank_switch_C000,02,2
4,C498,contract_call_bank_switch_C000,03,3
4,C498,contract_call_bank_switch_C000,04,4
4,C498,contract_call_bank_switch_C000,05,5
4,C498,contract_call_bank_switch_C000,06,6
4,C498,contract_call_bank_switch_C000,07,7
4,C498,contract_call_bank_switch_C000,08,8
4,C498,contract_call_bank_switch_C000,09,9
4,C498,contract_call_bank_switch_C000,0A,10
4,C498,contract_call_bank_switch_C000,0B,11
4,C498,contract_call_bank_switch_C000,0C,12
4,C498,contract_call_bank_switch_C000,0D,13
4,C498,contract_call_bank_switch_C000,0E,14
4,C498,contract_call_bank_switch_C000,0F,15
4,C4AF,contract_call_bank_switch_C000,00,0
4,C4AF,contract_call_bank_switch_C000,01,1
4,C4AF,contract_call_bank_switch_C000,02,2
4,C4AF,contract_call_bank_switch_C000,03,3
4,C4AF,contract_call_bank_switch_C000,04,4
4,C4AF,contract_call_bank_switch_C000,05,5
4,C4AF,contract_call_bank_switch_C000,06,6
4,C4AF,contract_call_bank_switch_C000,07,7
4,C4C9,call_bank_switch_C000,0E,14
4,C537,contract_call_bank_switch_C000,00,0
4,C537,contract_call_bank_switch_C000,01,1
4,C537,contract_call_bank_switch_C000,02,2
4,C537,contract_call_bank_switch_C000,03,3
4,C537,contract_call_bank_switch_C000,04,4
4,C537,contract_call_bank_switch_C000,05,5
4,C537,contract_call_bank_switch_C000,06,6
4,C537,contract_call_bank_switch_C000,07,7
4,C537,contract_call_bank_switch_C000,08,8
4,C537,contract_call_bank_switch_C000,09,9
4,C537,contract_call_bank_switch_C000,0A,10
4,C537,contract_call_bank_switch_C000,0B,11
4,C537,contract_call_bank_switch_C000,0C,12
4,C537,contract_call_bank_switch_C000,0D,13
4,C537,contract_call_bank_switch_C000,0E,14
4,C537,contract_call_bank_switch_C000,0F,15
4,C54A,call_bank_switch_C000,0E,14
4,C71F,call_bank_switch_C000,0D,13
4,C7B1,call_bank_switch_C000,0E,14
4,C7CD,contract_call_bank_switch_C000,00,0
4,C7CD,contract_call_bank_switch_C000,01,1
4,C7CD,contract_call_bank_switch_C000,02,2
4,C7CD,contract_call_bank_switch_C000,03,3
4,C7CD,contract_call_bank_switch_C000,04,4
4,C7CD,contract_call_bank_switch_C000,05,5
4,C7CD,contract_call_bank_switch_C000,06,6
4,C7CD,contract_call_bank_switch_C000,07,7
4,C804,call_bank_switch_C000,0E,14
4,CA03,call_bank_switch_C000,0E,14
4,CB4A,contract_call_bank_switch_C000,00,0
4,CB4A,contract_call_bank_switch_C000,01,1
4,CB4A,contract_call_bank_switch_C000,02,2
4,CB4A,contract_call_bank_switch_C000,03,3
4,CB4A,contract_call_bank_switch_C000,04,4
4,CB4A,contract_call_bank_switch_C000,05,5
4,CB4A,contract_call_bank_switch_C000,06,6
4,CB4A,contract_call_bank_switch_C000,07,7
4,CB4A,contract_call_bank_switch_C000,08,8
4,CB4A,contract_call_bank_switch_C000,09,9
4,CB4A,contract_call_bank_switch_C000,0A,10
4,CB4A,contract_call_bank_switch_C000,0B,11
4,CB4A,contract_call_bank_switch_C000,0C,12
4,CB4A,contract_call_bank_switch_C000,0D,13
4,CB4A,contract_call_bank_switch_C000,0E,14
4,CB4A,contract_call_bank_switch_C000,0F,15
4,CB60,contract_call_bank_switch_C000,04,4
4,CC43,call_bank_switch_C000,0E,14
4,CC79,call_bank_switch_C000,0A,10
4,D74F,call_bank_switch_C000,0E,14
5,C006,serial_register_3,00,0
5,C006,serial_register_3,01,1
5,C006,serial_register_3,02,2
5,C006,serial_register_3,03,3
5,C006,serial_register_3,04,4
5,C006,serial_register_3,05,5
5,C006,serial_register_3,06,6
5,C006,serial_register_3,07,7
5,C006,serial_register_3,08,8
5,C006,serial_register_3,09,9
5,C006,serial_register_3,0A,10
5,C006,serial_register_3,0B,11
5,C006,serial_register_3,0C,12
5,C006,serial_register_3,0D,13
5,C006,serial_register_3,0E,14
5,C006,serial_register_3,0F,15
5,C024,serial_register_3,0C,12
5,C0A7,call_bank_switch_C000,0E,14
5,C1B3,call_bank_switch_C000,0E,14
5,C498,contract_call_bank_switch_C000,00,0
5,C498,contract_call_bank_switch_C000,01,1
5,C498,contract_call_bank_switch_C000,02,2
5,C498,contract_call_bank_switch_C000,03,3
5,C498,contract_call_bank_switch_C000,04,4
5,C498,contract_call_bank_switch_C000,05,5
5,C498,contract_call_bank_switch_C000,06,6
5,C498,contract_call_bank_switch_C000,07,7
5,C498,contract_call_bank_switch_C000,08,8
5,C498,contract_call_bank_switch_C000,09,9
5,C498,contract_call_bank_switch_C000,0A,10
5,C498,contract_call_bank_switch_C000,0B,11
5,C498,contract_call_bank_switch_C000,0C,12
5,C498,contract_call_bank_switch_C000,0D,13
5,C498,contract_call_bank_switch_C000,0E,14
5,C498,contract_call_bank_switch_C000,0F,15
5,C4AF,contract_call_bank_switch_C000,00,0
5,C4AF,contract_call_bank_switch_C000,01,1
5,C4AF,contract_call_bank_switch_C000,02,2
5,C4AF,contract_call_bank_switch_C000,03,3
5,C4AF,contract_call_bank_switch_C000,04,4
5,C4AF,contract_call_bank_switch_C000,05,5
5,C4AF,contract_call_bank_switch_C000,06,6
5,C4AF,contract_call_bank_switch_C000,07,7
5,C4C9,call_bank_switch_C000,0E,14
5,C537,contract_call_bank_switch_C000,00,0
5,C537,contract_call_bank_switch_C000,01,1
5,C537,contract_call_bank_switch_C000,02,2
5,C537,contract_call_bank_switch_C000,03,3
5,C537,contract_call_bank_switch_C000,04,4
5,C537,contract_call_bank_switch_C000,05,5
5,C537,contract_call_bank_switch_C000,06,6
5,C537,contract_call_bank_switch_C000,07,7
5,C537,contract_call_bank_switch_C000,08,8
5,C537,contract_call_bank_switch_C000,09,9
5,C537,contract_call_bank_switch_C000,0A,10
5,C537,contract_call_bank_switch_C000,0B,11
5,C537,contract_call_bank_switch_C000,0C,12
5,C537,contract_call_bank_switch_C000,0D,13
5,C537,contract_call_bank_switch_C000,0E,14
5,C537,contract_call_bank_switch_C000,0F,15
5,C54A,call_bank_switch_C000,0E,14
5,C66A,contract_call_bank_switch_C000,00,0
5,C66A,contract_call_bank_switch_C000,05,5
5,C66A,contract_call_bank_switch_C000,06,6
5,C685,call_bank_switch_C000,0D,13
5,C71F,call_bank_switch_C000,0D,13
5,C7B1,call_bank_switch_C000,0E,14
5,C7CD,contract_call_bank_switch_C000,00,0
5,C7CD,contract_call_bank_switch_C000,01,1
5,C7CD,contract_call_bank_switch_C000,02,2
5,C7CD,contract_call_bank_switch_C000,03,3
5,C7CD,contract_call_bank_switch_C000,04,4
5,C7CD,contract_call_bank_switch_C000,05,5
5,C7CD,contract_call_bank_switch_C000,06,6
5,C7CD,contract_call_bank_switch_C000,07,7
5,C804,call_bank_switch_C000,0E,14
5,CA03,call_bank_switch_C000,0E,14
5,CB4A,contract_call_bank_switch_C000,00,0
5,CB4A,contract_call_bank_switch_C000,01,1
5,CB4A,contract_call_bank_switch_C000,02,2
5,CB4A,contract_call_bank_switch_C000,03,3
5,CB4A,contract_call_bank_switch_C000,04,4
5,CB4A,contract_call_bank_switch_C000,05,5
5,CB4A,contract_call_bank_switch_C000,06,6
5,CB4A,contract_call_bank_switch_C000,07,7
5,CB4A,contract_call_bank_switch_C000,08,8
5,CB4A,contract_call_bank_switch_C000,09,9
5,CB4A,contract_call_bank_switch_C000,0A,10
5,CB4A,contract_call_bank_switch_C000,0B,11
5,CB4A,contract_call_bank_switch_C000,0C,12
5,CB4A,contract_call_bank_switch_C000,0D,13
5,CB4A,contract_call_bank_switch_C000,0E,14
5,CB4A,contract_call_bank_switch_C000,0F,15
5,CB60,contract_call_bank_switch_C000,05,5
5,CC43,call_bank_switch_C000,0E,14
5,CC79,call_bank_switch_C000,0A,10
5,D74F,call_bank_switch_C000,0E,14
6,C006,serial_register_3,00,0
6,C006,serial_register_3,01,1
6,C006,serial_register_3,02,2
6,C006,serial_register_3,03,3
6,C006,serial_register_3,04,4
6,C006,serial_register_3,05,5
6,C006,serial_register_3,06,6
6,C006,serial_register_3,07,7
6,C006,serial_register_3,08,8
6,C006,serial_register_3,09,9
6,C006,serial_register_3,0A,10
6,C006,serial_register_3,0B,11
6,C006,serial_register_3,0C,12
6,C006,serial_register_3,0D,13
6,C006,serial_register_3,0E,14
6,C006,serial_register_3,0F,15
6,C024,serial_register_3,0C,12
6,C0A7,call_bank_switch_C000,0E,14
6,C1B3,call_bank_switch_C000,0E,14
6,C498,contract_call_bank_switch_C000,00,0
6,C498,contract_call_bank_switch_C000,01,1
6,C498,contract_call_bank_switch_C000,02,2
6,C498,contract_call_bank_switch_C000,03,3
6,C498,contract_call_bank_switch_C000,04,4
6,C498,contract_call_bank_switch_C000,05,5
6,C498,contract_call_bank_switch_C000,06,6
6,C498,contract_call_bank_switch_C000,07,7
6,C498,contract_call_bank_switch_C000,08,8
6,C498,contract_call_bank_switch_C000,09,9
6,C498,contract_call_bank_switch_C000,0A,10
6,C498,contract_call_bank_switch_C000,0B,11
6,C498,contract_call_bank_switch_C000,0C,12
6,C498,contract_call_bank_switch_C000,0D,13
6,C498,contract_call_bank_switch_C000,0E,14
6,C498,contract_call_bank_switch_C000,0F,15
6,C4AF,contract_call_bank_switch_C000,00,0
6,C4AF,contract_call_bank_switch_C000,01,1
6,C4AF,contract_call_bank_switch_C000,02,2
6,C4AF,contract_call_bank_switch_C000,03,3
6,C4AF,contract_call_bank_switch_C000,04,4
6,C4AF,contract_call_bank_switch_C000,05,5
6,C4AF,contract_call_bank_switch_C000,06,6
6,C4AF,contract_call_bank_switch_C000,07,7
6,C4C9,call_bank_switch_C000,0E,14
6,C537,contract_call_bank_switch_C000,00,0
6,C537,contract_call_bank_switch_C000,01,1
6,C537,contract_call_bank_switch_C000,02,2
6,C537,contract_call_bank_switch_C000,03,3
6,C537,contract_call_bank_switch_C000,04,4
6,C537,contract_call_bank_switch_C000,05,5
6,C537,contract_call_bank_switch_C000,06,6
6,C537,contract_call_bank_switch_C000,07,7
6,C537,contract_call_bank_switch_C000,08,8
6,C537,contract_call_bank_switch_C000,09,9
6,C537,contract_call_bank_switch_C000,0A,10
6,C537,contract_call_bank_switch_C000,0B,11
6,C537,contract_call_bank_switch_C000,0C,12
6,C537,contract_call_bank_switch_C000,0D,13
6,C537,contract_call_bank_switch_C000,0E,14
6,C537,contract_call_bank_switch_C000,0F,15
6,C54A,call_bank_switch_C000,0E,14
6,C66A,contract_call_bank_switch_C000,00,0
6,C66A,contract_call_bank_switch_C000,05,5
6,C66A,contract_call_bank_switch_C000,06,6
6,C685,call_bank_switch_C000,0D,13
6,C71F,call_bank_switch_C000,0D,13
6,C7B1,call_bank_switch_C000,0E,14
6,C7CD,contract_call_bank_switch_C000,00,0
6,C7CD,contract_call_bank_switch_C000,01,1
6,C7CD,contract_call_bank_switch_C000,02,2
6,C7CD,contract_call_bank_switch_C000,03,3
6,C7CD,contract_call_bank_switch_C000,04,4
6,C7CD,contract_call_bank_switch_C000,05,5
6,C7CD,contract_call_bank_switch_C000,06,6
6,C7CD,contract_call_bank_switch_C000,07,7
6,C804,call_bank_switch_C000,0E,14
6,CA03,call_bank_switch_C000,0E,14
6,CB4A,contract_call_bank_switch_C000,00,0
6,CB4A,contract_call_bank_switch_C000,01,1
6,CB4A,contract_call_bank_switch_C000,02,2
6,CB4A,contract_call_bank_switch_C000,03,3
6,CB4A,contract_call_bank_switch_C000,04,4
6,CB4A,contract_call_bank_switch_C000,05,5
6,CB4A,contract_call_bank_switch_C000,06,6
6,CB4A,contract_call_bank_switch_C000,07,7
6,CB4A,contract_call_bank_switch_C000,08,8
6,CB4A,contract_call_bank_switch_C000,09,9
6,CB4A,contract_call_bank_switch_C000,0A,10
6,CB4A,contract_call_bank_switch_C000,0B,11
6,CB4A,contract_call_bank_switch_C000,0C,12
6,CB4A,contract_call_bank_switch_C000,0D,13
6,CB4A,contract_call_bank_switch_C000,0E,14
6,CB4A,contract_call_bank_switch_C000,0F,15
6,CB60,contract_call_bank_switch_C000,06,6
6,CC43,call_bank_switch_C000,0E,14
6,CC79,call_bank_switch_C000,0A,10
6,D74F,call_bank_switch_C000,0E,14
7,C006,serial_register_3,00,0
7,C006,serial_register_3,01,1
7,C006,serial_register_3,02,2
7,C006,serial_register_3,03,3
7,C006,serial_register_3,04,4
7,C006,serial_register_3,05,5
7,C006,serial_register_3,06,6
7,C006,serial_register_3,07,7
7,C006,serial_register_3,08,8
7,C006,serial_register_3,09,9
7,C006,serial_register_3,0A,10
7,C006,serial_register_3,0B,11
7,C006,serial_register_3,0C,12
7,C006,serial_register_3,0D,13
7,C006,serial_register_3,0E,14
7,C006,serial_register_3,0F,15
7,C024,serial_register_3,0C,12
7,C0A7,call_bank_switch_C000,0E,14
7,C1B3,call_bank_switch_C000,0E,14
7,C498,contract_call_bank_switch_C000,00,0
7,C498,contract_call_bank_switch_C000,01,1
7,C498,contract_call_bank_switch_C000,02,2
7,C498,contract_call_bank_switch_C000,03,3
7,C498,contract_call_bank_switch_C000,04,4
7,C498,contract_call_bank_switch_C000,05,5
7,C498,contract_call_bank_switch_C000,06,6
7,C498,contract_call_bank_switch_C000,07,7
7,C498,contract_call_bank_switch_C000,08,8
7,C498,contract_call_bank_switch_C000,09,9
7,C498,contract_call_bank_switch_C000,0A,10
7,C498,contract_call_bank_switch_C000,0B,11
7,C498,contract_call_bank_switch_C000,0C,12
7,C498,contract_call_bank_switch_C000,0D,13
7,C498,contract_call_bank_switch_C000,0E,14
7,C498,contract_call_bank_switch_C000,0F,15
7,C4AF,contract_call_bank_switch_C000,00,0
7,C4AF,contract_call_bank_switch_C000,01,1
7,C4AF,contract_call_bank_switch_C000,02,2
7,C4AF,contract_call_bank_switch_C000,03,3
7,C4AF,contract_call_bank_switch_C000,04,4
7,C4AF,contract_call_bank_switch_C000,05,5
7,C4AF,contract_call_bank_switch_C000,06,6
7,C4AF,contract_call_bank_switch_C000,07,7
7,C4C9,call_bank_switch_C000,0E,14
7,C537,contract_call_bank_switch_C000,00,0
7,C537,contract_call_bank_switch_C000,01,1
7,C537,contract_call_bank_switch_C000,02,2
7,C537,contract_call_bank_switch_C000,03,3
7,C537,contract_call_bank_switch_C000,04,4
7,C537,contract_call_bank_switch_C000,05,5
7,C537,contract_call_bank_switch_C000,06,6
7,C537,contract_call_bank_switch_C000,07,7
7,C537,contract_call_bank_switch_C000,08,8
7,C537,contract_call_bank_switch_C000,09,9
7,C537,contract_call_bank_switch_C000,0A,10
7,C537,contract_call_bank_switch_C000,0B,11
7,C537,contract_call_bank_switch_C000,0C,12
7,C537,contract_call_bank_switch_C000,0D,13
7,C537,contract_call_bank_switch_C000,0E,14
7,C537,contract_call_bank_switch_C000,0F,15
7,C54A,call_bank_switch_C000,0E,14
7,C71F,call_bank_switch_C000,0D,13
7,C7B1,call_bank_switch_C000,0E,14
7,C7CD,contract_call_bank_switch_C000,00,0
7,C7CD,contract_call_bank_switch_C000,01,1
7,C7CD,contract_call_bank_switch_C000,02,2
7,C7CD,contract_call_bank_switch_C000,03,3
7,C7CD,contract_call_bank_switch_C000,04,4
7,C7CD,contract_call_bank_switch_C000,05,5
7,C7CD,contract_call_bank_switch_C000,06,6
7,C7CD,contract_call_bank_switch_C000,07,7
7,C804,call_bank_switch_C000,0E,14
7,CA03,call_bank_switch_C000,0E,14
7,CB4A,contract_call_bank_switch_C000,00,0
7,CB4A,contract_call_bank_switch_C000,01,1
7,CB4A,contract_call_bank_switch_C000,02,2
7,CB4A,contract_call_bank_switch_C000,03,3
7,CB4A,contract_call_bank_switch_C000,04,4
7,CB4A,contract_call_bank_switch_C000,05,5
7,CB4A,contract_call_bank_switch_C000,06,6
7,CB4A,contract_call_bank_switch_C000,07,7
7,CB4A,contract_call_bank_switch_C000,08,8
7,CB4A,contract_call_bank_switch_C000,09,9
7,CB4A,contract_call_bank_switch_C000,0A,10
7,CB4A,contract_call_bank_switch_C000,0B,11
7,CB4A,contract_call_bank_switch_C000,0C,12
7,CB4A,contract_call_bank_switch_C000,0D,13
7,CB4A,contract_call_bank_switch_C000,0E,14
7,CB4A,contract_call_bank_switch_C000,0F,15
7,CB60,contract_call_bank_switch_C000,07,7
7,CC43,call_bank_switch_C000,0E,14
7,CC79,call_bank_switch_C000,0A,10
7,D74F,call_bank_switch_C000,0E,14
8,C006,serial_register_3,00,0
8,C006,serial_register_3,01,1
8,C006,serial_register_3,02,2
8,C006,serial_register_3,03,3
8,C006,serial_register_3,04,4
8,C006,serial_register_3,05,5
8,C006,serial_register_3,06,6
8,C006,serial_register_3,07,7
8,C006,serial_register_3,08,8
8,C006,serial_register_3,09,9
8,C006,serial_register_3,0A,10
8,C006,serial_register_3,0B,11
8,C006,serial_register_3,0C,12
8,C006,serial_register_3,0D,13
8,C006,serial_register_3,0E,14
8,C006,serial_register_3,0F,15
8,C024,serial_register_3,0C,12
8,C4AF,contract_call_bank_switch_C000,00,0
8,C4AF,contract_call_bank_switch_C000,01,1
8,C4AF,contract_call_bank_switch_C000,02,2
8,C4AF,contract_call_bank_switch_C000,03,3
8,C4AF,contract_call_bank_switch_C000,04,4
8,C4AF,contract_call_bank_switch_C000,05,5
8,C4AF,contract_call_bank_switch_C000,06,6
8,C4AF,contract_call_bank_switch_C000,07,7
8,C537,contract_call_bank_switch_C000,00,0
8,C537,contract_call_bank_switch_C000,01,1
8,C537,contract_call_bank_switch_C000,02,2
8,C537,contract_call_bank_switch_C000,03,3
8,C537,contract_call_bank_switch_C000,04,4
8,C537,contract_call_bank_switch_C000,05,5
8,C537,contract_call_bank_switch_C000,06,6
8,C537,contract_call_bank_switch_C000,07,7
8,C537,contract_call_bank_switch_C000,08,8
8,C537,contract_call_bank_switch_C000,09,9
8,C537,contract_call_bank_switch_C000,0A,10
8,C537,contract_call_bank_switch_C000,0B,11
8,C537,contract_call_bank_switch_C000,0C,12
8,C537,contract_call_bank_switch_C000,0D,13
8,C537,contract_call_bank_switch_C000,0E,14
8,C537,contract_call_bank_switch_C000,0F,15
8,C54A,call_bank_switch_C000,0E,14
8,C71F,call_bank_switch_C000,0D,13
8,CB60,contract_call_bank_switch_C000,08,8
9,C006,serial_register_3,00,0
9,C006,serial_register_3,01,1
9,C006,serial_register_3,02,2
9,C006,serial_register_3,03,3
9,C006,serial_register_3,04,4
9,C006,serial_register_3,05,5
9,C006,serial_register_3,06,6
9,C006,serial_register_3,07,7
9,C006,serial_register_3,08,8
9,C006,serial_register_3,09,9
9,C006,serial_register_3,0A,10
9,C006,serial_register_3,0B,11
9,C006,serial_register_3,0C,12
9,C006,serial_register_3,0D,13
9,C006,serial_register_3,0E,14
9,C006,serial_register_3,0F,15
9,C024,serial_register_3,0C,12
9,C4AF,contract_call_bank_switch_C000,00,0
9,C4AF,contract_call_bank_switch_C000,01,1
9,C4AF,contract_call_bank_switch_C000,02,2
9,C4AF,contract_call_bank_switch_C000,03,3
9,C4AF,contract_call_bank_switch_C000,04,4
9,C4AF,contract_call_bank_switch_C000,05,5
9,C4AF,contract_call_bank_switch_C000,06,6
9,C4AF,contract_call_bank_switch_C000,07,7
9,C537,contract_call_bank_switch_C000,00,0
9,C537,contract_call_bank_switch_C000,01,1
9,C537,contract_call_bank_switch_C000,02,2
9,C537,contract_call_bank_switch_C000,03,3
9,C537,contract_call_bank_switch_C000,04,4
9,C537,contract_call_bank_switch_C000,05,5
9,C537,contract_call_bank_switch_C000,06,6
9,C537,contract_call_bank_switch_C000,07,7
9,C537,contract_call_bank_switch_C000,08,8
9,C537,contract_call_bank_switch_C000,09,9
9,C537,contract_call_bank_switch_C000,0A,10
9,C537,contract_call_bank_switch_C000,0B,11
9,C537,contract_call_bank_switch_C000,0C,12
9,C537,contract_call_bank_switch_C000,0D,13
9,C537,contract_call_bank_switch_C000,0E,14
9,C537,contract_call_bank_switch_C000,0F,15
9,C54A,call_bank_switch_C000,0E,14
9,C71F,call_bank_switch_C000,0D,13
9,C75C,call_bank_switch_C000,0D,13
9,CB60,contract_call_bank_switch_C000,09,9
9,D633,call_bank_switch_C000,0D,13
10,C006,serial_register_3,00,0
10,C006,serial_register_3,01,1
10,C006,serial_register_3,02,2
10,C006,serial_register_3,03,3
10,C006,serial_register_3,04,4
10,C006,serial_register_3,05,5
10,C006,serial_register_3,06,6
10,C006,serial_register_3,07,7
10,C006,serial_register_3,08,8
10,C006,serial_register_3,09,9
10,C006,serial_register_3,0A,10
10,C006,serial_register_3,0B,11
10,C006,serial_register_3,0C,12
10,C006,serial_register_3,0D,13
10,C006,serial_register_3,0E,14
10,C006,serial_register_3,0F,15
10,C024,serial_register_3,0C,12
10,C4AF,contract_call_bank_switch_C000,00,0
10,C4AF,contract_call_bank_switch_C000,01,1
10,C4AF,contract_call_bank_switch_C000,02,2
10,C4AF,contract_call_bank_switch_C000,03,3
10,C4AF,contract_call_bank_switch_C000,04,4
10,C4AF,contract_call_bank_switch_C000,05,5
10,C4AF,contract_call_bank_switch_C000,06,6
10,C4AF,contract_call_bank_switch_C000,07,7
10,C537,contract_call_bank_switch_C000,00,0
10,C537,contract_call_bank_switch_C000,01,1
10,C537,contract_call_bank_switch_C000,02,2
10,C537,contract_call_bank_switch_C000,03,3
10,C537,contract_call_bank_switch_C000,04,4
10,C537,contract_call_bank_switch_C000,05,5
10,C537,contract_call_bank_switch_C000,06,6
10,C537,contract_call_bank_switch_C000,07,7
10,C537,contract_call_bank_switch_C000,08,8
10,C537,contract_call_bank_switch_C000,09,9
10,C537,contract_call_bank_switch_C000,0A,10
10,C537,contract_call_bank_switch_C000,0B,11
10,C537,contract_call_bank_switch_C000,0C,12
10,C537,contract_call_bank_switch_C000,0D,13
10,C537,contract_call_bank_switch_C000,0E,14
10,C537,contract_call_bank_switch_C000,0F,15
10,C54A,call_bank_switch_C000,0E,14
10,C71F,call_bank_switch_C000,0D,13
10,CB60,contract_call_bank_switch_C000,0A,10
10,CD01,call_bank_switch_C000,0E,14
11,C006,serial_register_3,00,0
11,C006,serial_register_3,01,1
11,C006,serial_register_3,02,2
11,C006,serial_register_3,03,3
11,C006,serial_register_3,04,4
11,C006,serial_register_3,05,5
11,C006,serial_register_3,06,6
11,C006,serial_register_3,07,7
11,C006,serial_register_3,08,8
11,C006,serial_register_3,09,9
11,C006,serial_register_3,0A,10
11,C006,serial_register_3,0B,11
11,C006,serial_register_3,0C,12
11,C006,serial_register_3,0D,13
11,C006,serial_register_3,0E,14
11,C006,serial_register_3,0F,15
11,C024,serial_register_3,0C,12
11,C19A,contract_call_bank_switch_C000,00,0
11,C19A,contract_call_bank_switch_C000,01,1
11,C19A,contract_call_bank_switch_C000,02,2
11,C19A,contract_call_bank_switch_C000,03,3
11,C19A,contract_call_bank_switch_C000,04,4
11,C19A,contract_call_bank_switch_C000,05,5
11,C19A,contract_call_bank_switch_C000,06,6
11,C19A,contract_call_bank_switch_C000,07,7
11,C354,call_bank_switch_C000,0E,14
11,C4AF,contract_call_bank_switch_C000,00,0
11,C4AF,contract_call_bank_switch_C000,01,1
11,C4AF,contract_call_bank_switch_C000,02,2
11,C4AF,contract_call_bank_switch_C000,03,3
11,C4AF,contract_call_bank_switch_C000,04,4
11,C4AF,contract_call_bank_switch_C000,05,5
11,C4AF,contract_call_bank_switch_C000,06,6
11,C4AF,contract_call_bank_switch_C000,07,7
11,C537,contract_call_bank_switch_C000,00,0
11,C537,contract_call_bank_switch_C000,01,1
11,C537,contract_call_bank_switch_C000,02,2
11,C537,contract_call_bank_switch_C000,03,3
11,C537,contract_call_bank_switch_C000,04,4
11,C537,contract_call_bank_switch_C000,05,5
11,C537,contract_call_bank_switch_C000,06,6
11,C537,contract_call_bank_switch_C000,07,7
11,C537,contract_call_bank_switch_C000,08,8
11,C537,contract_call_bank_switch_C000,09,9
11,C537,contract_call_bank_switch_C000,0A,10
11,C537,contract_call_bank_switch_C000,0B,11
11,C537,contract_call_bank_switch_C000,0C,12
11,C537,contract_call_bank_switch_C000,0D,13
11,C537,contract_call_bank_switch_C000,0E,14
11,C537,contract_call_bank_switch_C000,0F,15
11,C54A,call_bank_switch_C000,0E,14
11,C5B7,call_bank_switch_C000,0E,14
11,C624,call_bank_switch_C000,0B,11
11,C640,call_bank_switch_C000,0D,13
11,C70C,contract_call_bank_switch_C000,08,8
11,C70C,contract_call_bank_switch_C000,09,9
11,C70C,contract_call_bank_switch_C000,0B,11
11,C71F,call_bank_switch_C000,0D,13
11,C816,call_bank_switch_C000,0E,14
11,C96F,contract_call_bank_switch_C000,00,0
11,C96F,contract_call_bank_switch_C000,01,1
11,C96F,contract_call_bank_switch_C000,02,2
11,C96F,contract_call_bank_switch_C000,03,3
11,C96F,contract_call_bank_switch_C000,04,4
11,C96F,contract_call_bank_switch_C000,05,5
11,C96F,contract_call_bank_switch_C000,06,6
11,C96F,contract_call_bank_switch_C000,07,7
11,CA12,contract_call_bank_switch_C000,0B,11
11,CB34,contract_call_bank_switch_C000,00,0
11,CB34,contract_call_bank_switch_C000,01,1
11,CB34,contract_call_bank_switch_C000,02,2
11,CB34,contract_call_bank_switch_C000,03,3
11,CB34,contract_call_bank_switch_C000,04,4
11,CB34,contract_call_bank_switch_C000,05,5
11,CB34,contract_call_bank_switch_C000,06,6
11,CB34,contract_call_bank_switch_C000,07,7
11,CB60,contract_call_bank_switch_C000,0B,11
11,CBC7,contract_call_bank_switch_C000,00,0
11,CBC7,contract_call_bank_switch_C000,01,1
11,CBC7,contract_call_bank_switch_C000,02,2
11,CBC7,contract_call_bank_switch_C000,03,3
11,CBC7,contract_call_bank_switch_C000,04,4
11,CBC7,contract_call_bank_switch_C000,05,5
11,CBC7,contract_call_bank_switch_C000,06,6
11,CBC7,contract_call_bank_switch_C000,07,7
11,CC68,call_bank_switch_C000,0B,11
12,C006,serial_register_3,00,0
12,C006,serial_register_3,01,1
12,C006,serial_register_3,02,2
12,C006,serial_register_3,03,3
12,C006,serial_register_3,04,4
12,C006,serial_register_3,05,5
12,C006,serial_register_3,06,6
12,C006,serial_register_3,07,7
12,C006,serial_register_3,08,8
12,C006,serial_register_3,09,9
12,C006,serial_register_3,0A,10
12,C006,serial_register_3,0B,11
12,C006,serial_register_3,0C,12
12,C006,serial_register_3,0D,13
12,C006,serial_register_3,0E,14
12,C006,serial_register_3,0F,15
12,C024,serial_register_3,0C,12
12,C04E,contract_tail_bank_switch_C000,0C,12
12,C4AF,contract_call_bank_switch_C000,00,0
12,C4AF,contract_call_bank_switch_C000,01,1
12,C4AF,contract_call_bank_switch_C000,02,2
12,C4AF,contract_call_bank_switch_C000,03,3
12,C4AF,contract_call_bank_switch_C000,04,4
12,C4AF,contract_call_bank_switch_C000,05,5
12,C4AF,contract_call_bank_switch_C000,06,6
12,C4AF,contract_call_bank_switch_C000,07,7
12,C537,contract_call_bank_switch_C000,00,0
12,C537,contract_call_bank_switch_C000,01,1
12,C537,contract_call_bank_switch_C000,02,2
12,C537,contract_call_bank_switch_C000,03,3
12,C537,contract_call_bank_switch_C000,04,4
12,C537,contract_call_bank_switch_C000,05,5
12,C537,contract_call_bank_switch_C000,06,6
12,C537,contract_call_bank_switch_C000,07,7
12,C537,contract_call_bank_switch_C000,08,8
12,C537,contract_call_bank_switch_C000,09,9
12,C537,contract_call_bank_switch_C000,0A,10
12,C537,contract_call_bank_switch_C000,0B,11
12,C537,contract_call_bank_switch_C000,0C,12
12,C537,contract_call_bank_switch_C000,0D,13
12,C537,contract_call_bank_switch_C000,0E,14
12,C537,contract_call_bank_switch_C000,0F,15
12,C54A,call_bank_switch_C000,0E,14
12,C71F,call_bank_switch_C000,0D,13
12,CB60,contract_call_bank_switch_C000,0C,12
12,D0C3,contract_call_bank_switch_C000,0C,12
13,C006,serial_register_3,00,0
13,C006,serial_register_3,01,1
13,C006,serial_register_3,02,2
13,C006,serial_register_3,03,3
13,C006,serial_register_3,04,4
13,C006,serial_register_3,05,5
13,C006,serial_register_3,06,6
13,C006,serial_register_3,07,7
13,C006,serial_register_3,08,8
13,C006,serial_register_3,09,9
13,C006,serial_register_3,0A,10
13,C006,serial_register_3,0B,11
13,C006,serial_register_3,0C,12
13,C006,serial_register_3,0D,13
13,C006,serial_register_3,0E,14
13,C006,serial_register_3,0F,15
13,C024,serial_register_3,0C,12
13,C05D,serial_register_0,0E,13
13,C05D,serial_register_0,0F,13
13,C07B,call_bank_switch_C000,0E,14
13,C0D3,call_bank_switch_C000,0D,13
13,C1C8,call_bank_switch_C000,0E,14
13,C251,call_bank_switch_C000,0E,14
13,C4AF,contract_call_bank_switch_C000,00,0
13,C4AF,contract_call_bank_switch_C000,01,1
13,C4AF,contract_call_bank_switch_C000,02,2
13,C4AF,contract_call_bank_switch_C000,03,3
13,C4AF,contract_call_bank_switch_C000,04,4
13,C4AF,contract_call_bank_switch_C000,05,5
13,C4AF,contract_call_bank_switch_C000,06,6
13,C4AF,contract_call_bank_switch_C000,07,7
13,C537,contract_call_bank_switch_C000,00,0
13,C537,contract_call_bank_switch_C000,01,1
13,C537,contract_call_bank_switch_C000,02,2
13,C537,contract_call_bank_switch_C000,03,3
13,C537,contract_call_bank_switch_C000,04,4
13,C537,contract_call_bank_switch_C000,05,5
13,C537,contract_call_bank_switch_C000,06,6
13,C537,contract_call_bank_switch_C000,07,7
13,C537,contract_call_bank_switch_C000,08,8
13,C537,contract_call_bank_switch_C000,09,9
13,C537,contract_call_bank_switch_C000,0A,10
13,C537,contract_call_bank_switch_C000,0B,11
13,C537,contract_call_bank_switch_C000,0C,12
13,C537,contract_call_bank_switch_C000,0D,13
13,C537,contract_call_bank_switch_C000,0E,14
13,C537,contract_call_bank_switch_C000,0F,15
13,C54A,call_bank_switch_C000,0E,14
13,C561,call_bank_switch_C000,0E,14
13,C56F,call_bank_switch_C000,0E,14
13,C5A5,call_bank_switch_C000,0E,14
13,C628,call_bank_switch_C000,03,3
13,C628,call_bank_switch_C000,0B,11
13,C66A,contract_call_bank_switch_C000,00,0
13,C66A,contract_call_bank_switch_C000,05,5
13,C66A,contract_call_bank_switch_C000,06,6
13,C70C,contract_call_bank_switch_C000,00,0
13,C70C,contract_call_bank_switch_C000,01,1
13,C70C,contract_call_bank_switch_C000,02,2
13,C70C,contract_call_bank_switch_C000,03,3
13,C70C,contract_call_bank_switch_C000,04,4
13,C70C,contract_call_bank_switch_C000,05,5
13,C70C,contract_call_bank_switch_C000,06,6
13,C70C,contract_call_bank_switch_C000,07,7
13,C70C,contract_call_bank_switch_C000,08,8
13,C70C,contract_call_bank_switch_C000,09,9
13,C70C,contract_call_bank_switch_C000,0A,10
13,C70C,contract_call_bank_switch_C000,0B,11
13,C70C,contract_call_bank_switch_C000,0C,12
13,C70C,contract_call_bank_switch_C000,0D,13
13,C70C,contract_call_bank_switch_C000,0E,14
13,C70C,contract_call_bank_switch_C000,0F,15
13,C71F,call_bank_switch_C000,0D,13
13,C725,call_bank_switch_C000,01,1
13,C749,call_bank_switch_C000,09,9
13,C78D,contract_call_bank_switch_C000,00,0
13,C96F,contract_call_bank_switch_C000,00,0
13,C96F,contract_call_bank_switch_C000,01,1
13,C96F,contract_call_bank_switch_C000,02,2
13,C96F,contract_call_bank_switch_C000,03,3
13,C96F,contract_call_bank_switch_C000,04,4
13,C96F,contract_call_bank_switch_C000,05,5
13,C96F,contract_call_bank_switch_C000,06,6
13,C96F,contract_call_bank_switch_C000,07,7
13,CA12,contract_call_bank_switch_C000,0D,13
13,CB60,contract_call_bank_switch_C000,0D,13
13,D62B,call_bank_switch_C000,09,9
13,D639,call_bank_switch_C000,09,9
13,D644,call_bank_switch_C000,09,9
13,D64F,call_bank_switch_C000,09,9
13,F2DD,call_bank_switch_C000,0E,14
14,802F,serial_register_1,01,14
14,8044,serial_register_2,1F,14
14,C006,serial_register_3,00,0
14,C006,serial_register_3,01,1
14,C006,serial_register_3,02,2
14,C006,serial_register_3,03,3
14,C006,serial_register_3,04,4
14,C006,serial_register_3,05,5
14,C006,serial_register_3,06,6
14,C006,serial_register_3,07,7
14,C006,serial_register_3,08,8
14,C006,serial_register_3,09,9
14,C006,serial_register_3,0A,10
14,C006,serial_register_3,0B,11
14,C006,serial_register_3,0C,12
14,C006,serial_register_3,0D,13
14,C006,serial_register_3,0E,14
14,C006,serial_register_3,0F,15
14,C024,serial_register_3,0C,12
14,C05D,serial_register_0,0E,14
14,C073,call_bank_switch_C000,0D,13
14,C0A7,call_bank_switch_C000,0E,14
14,C0FC,call_bank_switch_C000,0E,14
14,C19A,contract_call_bank_switch_C000,00,0
14,C19A,contract_call_bank_switch_C000,01,1
14,C19A,contract_call_bank_switch_C000,02,2
14,C19A,contract_call_bank_switch_C000,03,3
14,C19A,contract_call_bank_switch_C000,04,4
14,C19A,contract_call_bank_switch_C000,05,5
14,C19A,contract_call_bank_switch_C000,06,6
14,C19A,contract_call_bank_switch_C000,07,7
14,C1C0,call_bank_switch_C000,0D,13
14,C230,call_bank_switch_C000,0E,14
14,C249,call_bank_switch_C000,0D,13
14,C26B,call_bank_switch_C000,0D,13
14,C354,call_bank_switch_C000,0E,14
14,C461,contract_call_bank_switch_C000,00,0
14,C461,contract_call_bank_switch_C000,01,1
14,C461,contract_call_bank_switch_C000,02,2
14,C461,contract_call_bank_switch_C000,03,3
14,C461,contract_call_bank_switch_C000,04,4
14,C461,contract_call_bank_switch_C000,05,5
14,C461,contract_call_bank_switch_C000,06,6
14,C461,contract_call_bank_switch_C000,07,7
14,C4AF,contract_call_bank_switch_C000,00,0
14,C4AF,contract_call_bank_switch_C000,01,1
14,C4AF,contract_call_bank_switch_C000,02,2
14,C4AF,contract_call_bank_switch_C000,03,3
14,C4AF,contract_call_bank_switch_C000,04,4
14,C4AF,contract_call_bank_switch_C000,05,5
14,C4AF,contract_call_bank_switch_C000,06,6
14,C4AF,contract_call_bank_switch_C000,07,7
14,C4D1,contract_call_bank_switch_C000,00,0
14,C4D1,contract_call_bank_switch_C000,01,1
14,C4D1,contract_call_bank_switch_C000,02,2
14,C4D1,contract_call_bank_switch_C000,03,3
14,C4D1,contract_call_bank_switch_C000,04,4
14,C4D1,contract_call_bank_switch_C000,05,5
14,C4D1,contract_call_bank_switch_C000,06,6
14,C4D1,contract_call_bank_switch_C000,07,7
14,C537,contract_call_bank_switch_C000,00,0
14,C537,contract_call_bank_switch_C000,01,1
14,C537,contract_call_bank_switch_C000,02,2
14,C537,contract_call_bank_switch_C000,03,3
14,C537,contract_call_bank_switch_C000,04,4
14,C537,contract_call_bank_switch_C000,05,5
14,C537,contract_call_bank_switch_C000,06,6
14,C537,contract_call_bank_switch_C000,07,7
14,C537,contract_call_bank_switch_C000,08,8
14,C537,contract_call_bank_switch_C000,09,9
14,C537,contract_call_bank_switch_C000,0A,10
14,C537,contract_call_bank_switch_C000,0B,11
14,C537,contract_call_bank_switch_C000,0C,12
14,C537,contract_call_bank_switch_C000,0D,13
14,C537,contract_call_bank_switch_C000,0E,14
14,C537,contract_call_bank_switch_C000,0F,15
14,C54A,call_bank_switch_C000,0E,14
14,C559,call_bank_switch_C000,0D,13
14,C567,call_bank_switch_C000,0D,13
14,C595,call_bank_switch_C000,0D,13
14,C5AF,call_bank_switch_C000,0B,11
14,C71F,call_bank_switch_C000,0D,13
14,C7A8,contract_call_bank_switch_C000,00,0
14,C7A8,contract_call_bank_switch_C000,01,1
14,C7A8,contract_call_bank_switch_C000,02,2
14,C7A8,contract_call_bank_switch_C000,03,3
14,C7A8,contract_call_bank_switch_C000,04,4
14,C7A8,contract_call_bank_switch_C000,05,5
14,C7A8,contract_call_bank_switch_C000,06,6
14,C7A8,contract_call_bank_switch_C000,07,7
14,C7CD,contract_call_bank_switch_C000,00,0
14,C7CD,contract_call_bank_switch_C000,01,1
14,C7CD,contract_call_bank_switch_C000,02,2
14,C7CD,contract_call_bank_switch_C000,03,3
14,C7CD,contract_call_bank_switch_C000,04,4
14,C7CD,contract_call_bank_switch_C000,05,5
14,C7CD,contract_call_bank_switch_C000,06,6
14,C7CD,contract_call_bank_switch_C000,07,7
14,C80E,call_bank_switch_C000,0B,11
14,C96F,contract_call_bank_switch_C000,00,0
14,C96F,contract_call_bank_switch_C000,01,1
14,C96F,contract_call_bank_switch_C000,02,2
14,C96F,contract_call_bank_switch_C000,03,3
14,C96F,contract_call_bank_switch_C000,04,4
14,C96F,contract_call_bank_switch_C000,05,5
14,C96F,contract_call_bank_switch_C000,06,6
14,C96F,contract_call_bank_switch_C000,07,7
14,CA1A,contract_call_bank_switch_C000,0E,14
14,CB08,call_bank_switch_C000,0E,14
14,CB34,contract_call_bank_switch_C000,00,0
14,CB34,contract_call_bank_switch_C000,01,1
14,CB34,contract_call_bank_switch_C000,02,2
14,CB34,contract_call_bank_switch_C000,03,3
14,CB34,contract_call_bank_switch_C000,04,4
14,CB34,contract_call_bank_switch_C000,05,5
14,CB34,contract_call_bank_switch_C000,06,6
14,CB34,contract_call_bank_switch_C000,07,7
14,CB60,contract_call_bank_switch_C000,0E,14
14,CBC7,contract_call_bank_switch_C000,00,0
14,CBC7,contract_call_bank_switch_C000,01,1
14,CBC7,contract_call_bank_switch_C000,02,2
14,CBC7,contract_call_bank_switch_C000,03,3
14,CBC7,contract_call_bank_switch_C000,04,4
14,CBC7,contract_call_bank_switch_C000,05,5
14,CBC7,contract_call_bank_switch_C000,06,6
14,CBC7,contract_call_bank_switch_C000,07,7
14,CC79,call_bank_switch_C000,0A,10
14,D65C,contract_call_bank_switch_C000,00,0
14,D65C,contract_call_bank_switch_C000,01,1
14,D65C,contract_call_bank_switch_C000,02,2
14,D65C,contract_call_bank_switch_C000,03,3
14,D65C,contract_call_bank_switch_C000,04,4
14,D65C,contract_call_bank_switch_C000,05,5
14,D65C,contract_call_bank_switch_C000,06,6
14,D65C,contract_call_bank_switch_C000,07,7
15,C006,serial_register_3,00,0
15,C006,serial_register_3,01,1
15,C006,serial_register_3,02,2
15,C006,serial_register_3,03,3
15,C006,serial_register_3,04,4
15,C006,serial_register_3,05,5
15,C006,serial_register_3,06,6
15,C006,serial_register_3,07,7
15,C006,serial_register_3,08,8
15,C006,serial_register_3,09,9
15,C006,serial_register_3,0A,10
15,C006,serial_register_3,0B,11
15,C006,serial_register_3,0C,12
15,C006,serial_register_3,0D,13
15,C006,serial_register_3,0E,14
15,C006,serial_register_3,0F,15
15,C024,serial_register_3,0C,12
15,C4AF,contract_call_bank_switch_C000,00,0
15,C4AF,contract_call_bank_switch_C000,01,1
15,C4AF,contract_call_bank_switch_C000,02,2
15,C4AF,contract_call_bank_switch_C000,03,3
15,C4AF,contract_call_bank_switch_C000,04,4
15,C4AF,contract_call_bank_switch_C000,05,5
15,C4AF,contract_call_bank_switch_C000,06,6
15,C4AF,contract_call_bank_switch_C000,07,7
15,C537,contract_call_bank_switch_C000,00,0
15,C537,contract_call_bank_switch_C000,01,1
15,C537,contract_call_bank_switch_C000,02,2
15,C537,contract_call_bank_switch_C000,03,3
15,C537,contract_call_bank_switch_C000,04,4
15,C537,contract_call_bank_switch_C000,05,5
15,C537,contract_call_bank_switch_C000,06,6
15,C537,contract_call_bank_switch_C000,07,7
15,C537,contract_call_bank_switch_C000,08,8
15,C537,contract_call_bank_switch_C000,09,9
15,C537,contract_call_bank_switch_C000,0A,10
15,C537,contract_call_bank_switch_C000,0B,11
15,C537,contract_call_bank_switch_C000,0C,12
15,C537,contract_call_bank_switch_C000,0D,13
15,C537,contract_call_bank_switch_C000,0E,14
15,C537,contract_call_bank_switch_C000,0F,15
15,C54A,call_bank_switch_C000,0E,14
15,C71F,call_bank_switch_C000,0D,13
15,CB60,contract_call_bank_switch_C000,0F,15
