physical_bank_16k,cpu_start,cpu_end_inclusive,prg_offset_start,length,classification
0,8000,BFFF,000000,16384,unclassified
1,8000,BFFF,004000,16384,unclassified
2,8000,BFFF,008000,16384,unclassified
3,8000,BFFF,00C000,16384,unclassified
4,8000,BFFF,010000,16384,unclassified
5,8000,BFFF,014000,16384,unclassified
6,8000,BFFF,018000,16384,unclassified
7,8000,BFFF,01C000,16384,unclassified
8,8000,BFFF,020000,16384,unclassified
9,8000,85FF,024000,1536,unclassified
9,8600,86FF,024600,256,candidate_code
9,8700,BFFF,024700,14592,unclassified
10,8000,BFFF,028000,16384,unclassified
11,8000,802A,02C000,43,candidate_code
11,802B,8062,02C02B,56,unclassified
11,8063,813D,02C063,219,candidate_code
11,813E,815D,02C13E,32,unclassified
11,815E,81EE,02C15E,145,candidate_code
11,81EF,81FC,02C1EF,14,unclassified
11,81FD,828C,02C1FD,144,candidate_code
11,828D,828F,02C28D,3,unclassified
11,8290,82D8,02C290,73,candidate_code
11,82D9,82E2,02C2D9,10,unclassified
11,82E3,837D,02C2E3,155,candidate_code
11,837E,8418,02C37E,155,unclassified
11,8419,84CC,02C419,180,candidate_code
11,84CD,84D8,02C4CD,12,unclassified
11,84D9,84F2,02C4D9,26,candidate_code
11,84F3,84FA,02C4F3,8,unclassified
11,84FB,857E,02C4FB,132,candidate_code
11,857F,8582,02C57F,4,unclassified
11,8583,864D,02C583,203,candidate_code
11,864E,8655,02C64E,8,unclassified
11,8656,8795,02C656,320,candidate_code
11,8796,879D,02C796,8,unclassified
11,879E,8892,02C79E,245,candidate_code
11,8893,8898,02C893,6,unclassified
11,8899,88B3,02C899,27,candidate_code
11,88B4,88B7,02C8B4,4,unclassified
11,88B8,894B,02C8B8,148,candidate_code
11,894C,8955,02C94C,10,unclassified
11,8956,8AAA,02C956,341,candidate_code
11,8AAB,8AAC,02CAAB,2,unclassified
11,8AAD,8B15,02CAAD,105,candidate_code
11,8B16,8B1F,02CB16,10,unclassified
11,8B20,8BA0,02CB20,129,candidate_code
11,8BA1,8BB4,02CBA1,20,unclassified
11,8BB5,8CB4,02CBB5,256,candidate_code
11,8CB5,8CC2,02CCB5,14,unclassified
11,8CC3,8E07,02CCC3,325,candidate_code
11,8E08,8E0F,02CE08,8,unclassified
11,8E10,8ED8,02CE10,201,candidate_code
11,8ED9,8F15,02CED9,61,unclassified
11,8F16,8F79,02CF16,100,candidate_code
11,8F7A,8F89,02CF7A,16,unclassified
11,8F8A,9204,02CF8A,635,candidate_code
11,9205,9212,02D205,14,unclassified
11,9213,92DC,02D213,202,candidate_code
11,92DD,9356,02D2DD,122,unclassified
11,9357,9394,02D357,62,candidate_code
11,9395,939A,02D395,6,unclassified
11,939B,950C,02D39B,370,candidate_code
11,950D,951C,02D50D,16,unclassified
11,951D,9661,02D51D,325,candidate_code
11,9662,966D,02D662,12,unclassified
11,966E,96AC,02D66E,63,candidate_code
11,96AD,96BF,02D6AD,19,unclassified
11,96C0,97BF,02D6C0,256,candidate_code
11,97C0,97D3,02D7C0,20,unclassified
11,97D4,9A8B,02D7D4,696,candidate_code
11,9A8C,9B29,02DA8C,158,unclassified
11,9B2A,9C35,02DB2A,268,candidate_code
11,9C36,9C6A,02DC36,53,unclassified
11,9C6B,9CB7,02DC6B,77,candidate_code
11,9CB8,9CD7,02DCB8,32,unclassified
11,9CD8,9E2F,02DCD8,344,candidate_code
11,9E30,9E40,02DE30,17,unclassified
11,9E41,9E7A,02DE41,58,candidate_code
11,9E7B,9E8E,02DE7B,20,unclassified
11,9E8F,9EEE,02DE8F,96,candidate_code
11,9EEF,9EF2,02DEEF,4,unclassified
11,9EF3,9FBC,02DEF3,202,candidate_code
11,9FBD,9FD2,02DFBD,22,unclassified
11,9FD3,A0FF,02DFD3,301,candidate_code
11,A100,A10B,02E100,12,unclassified
11,A10C,A348,02E10C,573,candidate_code
11,A349,A351,02E349,9,unclassified
11,A352,A4AE,02E352,349,candidate_code
11,A4AF,A52C,02E4AF,126,unclassified
11,A52D,A92F,02E52D,1027,candidate_code
11,A930,BFFF,02E930,5840,unclassified
12,8000,85C4,030000,1477,candidate_code
12,85C5,85D2,0305C5,14,unclassified
12,85D3,87C2,0305D3,496,candidate_code
12,87C3,87D6,0307C3,20,unclassified
12,87D7,8974,0307D7,414,candidate_code
12,8975,BFFF,030975,13963,unclassified
13,8000,82C9,034000,714,candidate_code
13,82CA,8311,0342CA,72,unclassified
13,8312,83A2,034312,145,candidate_code
13,83A3,83AB,0343A3,9,unclassified
13,83AC,8498,0343AC,237,candidate_code
13,8499,90EB,034499,3155,unclassified
13,90EC,9392,0350EC,679,candidate_code
13,9393,9395,035393,3,unclassified
13,9396,9518,035396,387,candidate_code
13,9519,9528,035519,16,unclassified
13,9529,9564,035529,60,candidate_code
13,9565,9677,035565,275,unclassified
13,9678,9B82,035678,1291,candidate_code
13,9B83,9EE6,035B83,868,unclassified
13,9EE7,A2C0,035EE7,986,candidate_code
13,A2C1,A2C5,0362C1,5,unclassified
13,A2C6,A60E,0362C6,841,candidate_code
13,A60F,A61A,03660F,12,unclassified
13,A61B,AA4E,03661B,1076,candidate_code
13,AA4F,B100,036A4F,1714,unclassified
13,B101,B1DF,037101,223,candidate_code
13,B1E0,B223,0371E0,68,unclassified
13,B224,B2F0,037224,205,candidate_code
13,B2F1,B6F0,0372F1,1024,unclassified
13,B6F1,BA32,0376F1,834,candidate_code
13,BA33,BADF,037A33,173,unclassified
13,BAE0,BE11,037AE0,818,candidate_code
13,BE12,BFFF,037E12,494,unclassified
14,8000,81B5,038000,438,candidate_code
14,81B6,81DD,0381B6,40,unclassified
14,81DE,8267,0381DE,138,candidate_code
14,8268,8277,038268,16,unclassified
14,8278,82CC,038278,85,candidate_code
14,82CD,82D4,0382CD,8,unclassified
14,82D5,83D6,0382D5,258,candidate_code
14,83D7,83DE,0383D7,8,unclassified
14,83DF,8499,0383DF,187,candidate_code
14,849A,84A2,03849A,9,unclassified
14,84A3,84DB,0384A3,57,candidate_code
14,84DC,84ED,0384DC,18,unclassified
14,84EE,8782,0384EE,661,candidate_code
14,8783,879A,038783,24,unclassified
14,879B,8908,03879B,366,candidate_code
14,8909,8921,038909,25,unclassified
14,8922,8A6C,038922,331,candidate_code
14,8A6D,8A83,038A6D,23,unclassified
14,8A84,8CEC,038A84,617,candidate_code
14,8CED,8CF3,038CED,7,unclassified
14,8CF4,9044,038CF4,849,candidate_code
14,9045,907C,039045,56,unclassified
14,907D,9147,03907D,203,candidate_code
14,9148,9184,039148,61,unclassified
14,9185,9211,039185,141,candidate_code
14,9212,921F,039212,14,unclassified
14,9220,92EF,039220,208,candidate_code
14,92F0,948C,0392F0,413,unclassified
14,948D,9520,03948D,148,candidate_code
14,9521,9522,039521,2,unclassified
14,9523,95B0,039523,142,candidate_code
14,95B1,95B4,0395B1,4,unclassified
14,95B5,963D,0395B5,137,candidate_code
14,963E,964D,03963E,16,unclassified
14,964E,96CA,03964E,125,candidate_code
14,96CB,96CE,0396CB,4,unclassified
14,96CF,9888,0396CF,442,candidate_code
14,9889,988E,039889,6,unclassified
14,988F,99F8,03988F,362,candidate_code
14,99F9,9A42,0399F9,74,unclassified
14,9A43,9B24,039A43,226,candidate_code
14,9B25,9C5A,039B25,310,unclassified
14,9C5B,9CDD,039C5B,131,candidate_code
14,9CDE,9DCD,039CDE,240,unclassified
14,9DCE,9F1F,039DCE,338,candidate_code
14,9F20,9F21,039F20,2,unclassified
14,9F22,9FCB,039F22,170,candidate_code
14,9FCC,9FD0,039FCC,5,unclassified
14,9FD1,A107,039FD1,311,candidate_code
14,A108,A135,03A108,46,unclassified
14,A136,A268,03A136,307,candidate_code
14,A269,A2F3,03A269,139,unclassified
14,A2F4,A555,03A2F4,610,candidate_code
14,A556,A559,03A556,4,unclassified
14,A55A,A5D5,03A55A,124,candidate_code
14,A5D6,A629,03A5D6,84,unclassified
14,A62A,A9B6,03A62A,909,candidate_code
14,A9B7,A9C2,03A9B7,12,unclassified
14,A9C3,AB33,03A9C3,369,candidate_code
14,AB34,AB43,03AB34,16,unclassified
14,AB44,AC09,03AB44,198,candidate_code
14,AC0A,AC0D,03AC0A,4,unclassified
14,AC0E,ACFF,03AC0E,242,candidate_code
14,AD00,AD2F,03AD00,48,unclassified
14,AD30,AE08,03AD30,217,candidate_code
14,AE09,AE48,03AE09,64,unclassified
14,AE49,AF68,03AE49,288,candidate_code
14,AF69,AF80,03AF69,24,unclassified
14,AF81,B0F5,03AF81,373,candidate_code
14,B0F6,B0F9,03B0F6,4,unclassified
14,B0FA,B177,03B0FA,126,candidate_code
14,B178,B189,03B178,18,unclassified
14,B18A,B202,03B18A,121,candidate_code
14,B203,B20A,03B203,8,unclassified
14,B20B,B2DB,03B20B,209,candidate_code
14,B2DC,B2EF,03B2DC,20,unclassified
14,B2F0,B40C,03B2F0,285,candidate_code
14,B40D,B420,03B40D,20,unclassified
14,B421,B628,03B421,520,candidate_code
14,B629,B640,03B629,24,unclassified
14,B641,B6D8,03B641,152,candidate_code
14,B6D9,B6E2,03B6D9,10,unclassified
14,B6E3,B970,03B6E3,654,candidate_code
14,B971,B979,03B971,9,unclassified
14,B97A,BAE2,03B97A,361,candidate_code
14,BAE3,BAEE,03BAE3,12,unclassified
14,BAEF,BBAA,03BAEF,188,candidate_code
14,BBAB,BBAC,03BBAB,2,unclassified
14,BBAD,BC2C,03BBAD,128,candidate_code
14,BC2D,BC2F,03BC2D,3,unclassified
14,BC30,BCA6,03BC30,119,candidate_code
14,BCA7,BCA8,03BCA7,2,unclassified
14,BCA9,BD23,03BCA9,123,candidate_code
14,BD24,BFFF,03BD24,732,unclassified
15,C000,C0FF,03C000,256,candidate_code
15,C100,C10A,03C100,11,unclassified
15,C10B,C1D7,03C10B,205,candidate_code
15,C1D8,C1EF,03C1D8,24,unclassified
15,C1F0,C278,03C1F0,137,candidate_code
15,C279,C288,03C279,16,unclassified
15,C289,C29D,03C289,21,candidate_code
15,C29E,C351,03C29E,180,unclassified
15,C352,C385,03C352,52,candidate_code
15,C386,C392,03C386,13,unclassified
15,C393,C3EA,03C393,88,candidate_code
15,C3EB,C426,03C3EB,60,unclassified
15,C427,C688,03C427,610,candidate_code
15,C689,C70B,03C689,131,unclassified
15,C70C,C966,03C70C,603,candidate_code
15,C967,C96A,03C967,4,unclassified
15,C96B,CA06,03C96B,156,candidate_code
15,CA07,CA0A,03CA07,4,unclassified
15,CA0B,CC46,03CA0B,572,candidate_code
15,CC47,CC62,03CC47,28,unclassified
15,CC63,CFE4,03CC63,898,candidate_code
15,CFE5,CFEF,03CFE5,11,unclassified
15,CFF0,D301,03CFF0,786,candidate_code
15,D302,D331,03D302,48,unclassified
15,D332,D3D3,03D332,162,candidate_code
15,D3D4,D3DF,03D3D4,12,unclassified
15,D3E0,D44E,03D3E0,111,candidate_code
15,D44F,D623,03D44F,469,unclassified
15,D624,D804,03D624,481,candidate_code
15,D805,DA42,03D805,574,unclassified
15,DA43,DBF0,03DA43,430,candidate_code
15,DBF1,DC30,03DBF1,64,unclassified
15,DC31,DCB7,03DC31,135,candidate_code
15,DCB8,DCCF,03DCB8,24,unclassified
15,DCD0,DD13,03DCD0,68,candidate_code
15,DD14,DD33,03DD14,32,unclassified
15,DD34,DE34,03DD34,257,candidate_code
15,DE35,DE47,03DE35,19,unclassified
15,DE48,DE6D,03DE48,38,candidate_code
15,DE6E,DE73,03DE6E,6,unclassified
15,DE74,DF6C,03DE74,249,candidate_code
15,DF6D,DF6E,03DF6D,2,unclassified
15,DF6F,E11E,03DF6F,432,candidate_code
15,E11F,E157,03E11F,57,unclassified
15,E158,E467,03E158,784,candidate_code
15,E468,E470,03E468,9,unclassified
15,E471,E985,03E471,1301,candidate_code
15,E986,EDD7,03E986,1106,unclassified
15,EDD8,EEB4,03EDD8,221,candidate_code
15,EEB5,EEB9,03EEB5,5,unclassified
15,EEBA,F14F,03EEBA,662,candidate_code
15,F150,F158,03F150,9,unclassified
15,F159,F2E2,03F159,394,candidate_code
15,F2E3,FFDF,03F2E3,3325,unclassified
15,FFE0,FFE6,03FFE0,7,candidate_code
15,FFE7,FFFF,03FFE7,25,unclassified
